id,sentence,subject_entity,object_entity,label
이승만3_231,"이애 이승만과 김구는 이를 반박하면서 하지와 주고 받은 서한을 언론에 공개해버렸다. ""이 고발을 하였다는 인사의 성명을 지체없이 내게 알려주시기를 요청합니다.","{'word': '이승만', 'start_idx': 3, 'end_idx': 5, 'entity_type': 'PER'}","{'word': '김구', 'start_idx': 8, 'end_idx': 9, 'entity_type': 'PER'}",no_relation
한반도_6,"이후 후고구려의 장수였던 왕건이 다른 호족 세력들과 함께 궁예를 축출하였고, 고려를 건국하였다.","{'word': '왕건', 'start_idx': 14, 'end_idx': 15, 'entity_type': 'PER'}","{'word': '후고구려', 'start_idx': 3, 'end_idx': 6, 'entity_type': 'ORG'}",per:employee_of
문재인_171,"8월 2일, 정부는 8 · 2 부동산 대책을 발표했다.","{'word': '8 · 2 부동산 대책', 'start_idx': 11, 'end_idx': 22, 'entity_type': 'POH'}","{'word': '8월 2일', 'start_idx': 0, 'end_idx': 4, 'entity_type': 'DAT'}",event/artifact:date
문재인_239,"특전사로 군복무를 마친 후 복학해 다시 학생운동을 이끌며 전두환 군부 독재에 항거하다가 1980년 청량리구치소에 투옥됐으나, 조영식 경희대 총장의 신원보증 하에 옥중에서 사법시험에 합격하며 석방되었다.","{'word': '전두환', 'start_idx': 32, 'end_idx': 34, 'entity_type': 'PER'}","{'word': '1980년', 'start_idx': 49, 'end_idx': 53, 'entity_type': 'DAT'}",no_relation
박정희_46,"1963년 3월 16일 오후 2시 55분, 전 대통령 윤보선, 전 국무총리 장택상, 신민당 위원장 김도연, 초대 국무총리 이범석 등과 면담하였다.","{'word': '김도연', 'start_idx': 55, 'end_idx': 57, 'entity_type': 'PER'}","{'word': '신민당 위원장', 'start_idx': 47, 'end_idx': 53, 'entity_type': 'POH'}",per:title
한반도_29,"백두산 일대에는 백두산 외에도 대연지봉(大脂峰:2,358m)·소연지봉(小脂峰:2,115m)·간백산(間白山:2,162m)·소백산(小白山:2,172m)·북포태산(北胞胎山:2,288m)·두류산(頭流山:2,309m) 등의 화산들이 있다.","{'word': '백두산', 'start_idx': 0, 'end_idx': 2, 'entity_type': 'LOC'}","{'word': '간백산', 'start_idx': 51, 'end_idx': 53, 'entity_type': 'LOC'}",loc:subordinate
문재인_235,"국정원장으로는 서훈이, 청와대 경호실장으로는 주영훈이 내정되었다.","{'word': '서훈', 'start_idx': 8, 'end_idx': 9, 'entity_type': 'PER'}","{'word': '국정원장', 'start_idx': 0, 'end_idx': 3, 'entity_type': 'POH'}",per:title
박근혜2_12,진중권 교수 역시 박근혜의 방문 시도에 대하여 진정으로 소통과 화해를 하겠다면 지금 눈앞에서 고통 받고 있는 노동자들을 찾아가야 한다고 주장하였다.,"{'word': '진중권', 'start_idx': 0, 'end_idx': 2, 'entity_type': 'PER'}","{'word': '교수', 'start_idx': 4, 'end_idx': 5, 'entity_type': 'POH'}",per:title
문재인_135,2021년 한미정상회담에서 조 바이든 미국 대통령과 만나 한국군에게 얀센 백신 100만 회분을 지원받는 성과를 낸다.,"{'word': '조 바이든', 'start_idx': 15, 'end_idx': 19, 'entity_type': 'PER'}","{'word': '미국 대통령', 'start_idx': 21, 'end_idx': 26, 'entity_type': 'POH'}",per:title
대한민국2_34,1992년 치러진 제14대 대선에서 민주자유당의 김영삼 후보가 당선되어 1993년에 취임하면서 대한민국은 이른바 문민정부 시대로 접어들었다.,"{'word': '제14대 대선', 'start_idx': 10, 'end_idx': 16, 'entity_type': 'EVT'}","{'word': '1992년', 'start_idx': 0, 'end_idx': 4, 'entity_type': 'DAT'}",event/artifact:date
이승만3_224,"이렇게 우익진영은 미소공위 참가여부 문제로 임정수립대책협의회 가입단체, 이승만·김구 계열, 유림 계열의 3파로 분립하였다.","{'word': '이승만', 'start_idx': 40, 'end_idx': 42, 'entity_type': 'PER'}","{'word': '김구', 'start_idx': 44, 'end_idx': 45, 'entity_type': 'PER'}",per:colleagues
윤석열_1,"2019년 7월 검찰총장 취임사에서 “이제는 자유민주주의와 시장경제 질서의 본질을 지키는 데 역량을 더 집중시켜야 한다”고 강조하면서 대검찰청 대변인실을 통해 “신임 총장은 시카고학파인 밀턴 프리드먼과 1947년 스위스에서 자유주의 학자들의 모임인 몽펠르랭소사이어티(MPS)를 결성해 자유주의 가치를 지키고 확산하는 데 힘을 쏟은 오스트리아학파 경제학자인 루트비히 폰 미제스의 사상에 깊이 공감하고 있고, 자유시장경제와 형사 법집행 문제에 관해 고민해 왔다”며 “시장경제와 가격기구, 자유로운 기업 활동이 인류의 번영과 행복을 증진해 왔고, 이는 역사적으로도 증명된 사실이라는 강한 믿음을 가지고 있다”고 설명했다.","{'word': '루트비히 폰 미제스', 'start_idx': 199, 'end_idx': 208, 'entity_type': 'PER'}","{'word': '시카고학파', 'start_idx': 97, 'end_idx': 101, 'entity_type': 'ORG'}",per:employee_of
박정희_49,"김희덕(金熙德) 최고재건회의 외무 겸 국방위원장, 유양수(柳陽洙) 재경위원장, 홍종철(洪鍾哲) 문사위원장 등이 3.16 성명을 발표하게 된 동기를 번갈아가며 설명하였다.","{'word': '유양수', 'start_idx': 28, 'end_idx': 30, 'entity_type': 'PER'}","{'word': '재경위원장', 'start_idx': 37, 'end_idx': 41, 'entity_type': 'POH'}",per:title
문재인_99,"성공적인 남북 정상회담, 촛불집회를 통한 보수 · 진보 지형 역전, 소통 · 겸손 · 안정감 등 문 대통령의 개인기, 매력적인 대안을 제시하지 못하는 보수야당 등이 문 대통령과 민주당의 지지 원인이 되었다는 평가가 있었다.","{'word': '문', 'start_idx': 54, 'end_idx': 54, 'entity_type': 'PER'}","{'word': '대통령', 'start_idx': 56, 'end_idx': 58, 'entity_type': 'POH'}",per:title
국방_0,전쟁위법화를 최초로 실체화한 것은 1928년 체결된 '전쟁포기에 관한 조약' 이른바 켈로그­브리앙 조약이라고도 불리는 부전조약이었다.,"{'word': '전쟁포기에 관한 조약', 'start_idx': 30, 'end_idx': 40, 'entity_type': 'POH'}","{'word': '1928년', 'start_idx': 19, 'end_idx': 23, 'entity_type': 'DAT'}",event/artifact:date
문재인_41,"또, 상도동계인 김현철, 김덕룡, 문정수의 지지를 받았으며, 대선후보급인 문국현, 박찬종의 지지를 받았다.","{'word': '김현철', 'start_idx': 9, 'end_idx': 11, 'entity_type': 'PER'}","{'word': '문정수', 'start_idx': 19, 'end_idx': 21, 'entity_type': 'PER'}",per:colleagues
대한민국4_18,"1923년부터는 조만식, 안재홍, 김성수 등에 의해 물산 장려 운동이 진행되어 국산 공업품을 활용하자는 운동이 일어나기도 하였다.","{'word': '안재홍', 'start_idx': 14, 'end_idx': 16, 'entity_type': 'PER'}","{'word': '1923년', 'start_idx': 0, 'end_idx': 4, 'entity_type': 'DAT'}",no_relation
이승만3_110,1948년 3월 1일 김구는 '초대 대통령은 나의 숭배하는 선배인 이승만 박사를 추대하나 남한 단독 총선거에는 응할 수 없다'고 선언하였다.,"{'word': '이승만', 'start_idx': 37, 'end_idx': 39, 'entity_type': 'PER'}","{'word': '박사', 'start_idx': 41, 'end_idx': 42, 'entity_type': 'POH'}",per:title
이승만3_182,"이 날 이승만이 ""성스러운 건국사업에 친일파를 제외하자는 원칙을 시인하며 그러나 지금은 바쁜 때이니 그들을 처단할 수는 없지 않나""고 묻자 박헌영은 ""우리도 지금 그들을 처단하자는 것이 아니다.","{'word': '이승만', 'start_idx': 4, 'end_idx': 6, 'entity_type': 'PER'}","{'word': '박헌영', 'start_idx': 78, 'end_idx': 80, 'entity_type': 'PER'}",no_relation
대한민국5_3,"학력 차별에 대한 대응으로 이명박 대통령은 2011년 라디오 연설에서 ""학력차별 없는 사회""를 강조하였으며, 고용노동부가 고등학교 직업 교육에 지원을 강화하는 등 능력 중심의 열린 고용 지원에 나서고 있다. 하지만 백혈병이 생겨 산업 재해로 인정 받는 학생도 있었고, 음료공장 실습중 컨베이어 벨트에 끼어 숨지기도 하고, 제주도에서는 지하철 청소 실습 중 지하철에 치어 숨지는 사고 등으로 고등학교 현장 실습이 노동력 착취 수단으로 이용되는 경우가 많은 상황이다.","{'word': '이명박', 'start_idx': 15, 'end_idx': 17, 'entity_type': 'PER'}","{'word': '대통령', 'start_idx': 19, 'end_idx': 21, 'entity_type': 'POH'}",per:title
한반도_14,한반도에서 육지의 동ㅡ서 폭이 가장 좁은 구간은 평양에서 약간 북쪽의 평안남도~함경남도 구간이다.,"{'word': '한반도', 'start_idx': 0, 'end_idx': 2, 'entity_type': 'LOC'}","{'word': '함경남도', 'start_idx': 44, 'end_idx': 47, 'entity_type': 'LOC'}",loc:subordinate
이승만3_250,"한편 제헌국회 초기 원내 정파의 세력은 대체로 한국민주당(한민당) 70~80여 석, 독촉국민회 60여 석, 무소속 50여 석 정도로 추산되는데, 무소속 중 약 30여 명 정도가 김구 및 김규식 계열으로 추산된다.","{'word': '김구', 'start_idx': 99, 'end_idx': 100, 'entity_type': 'PER'}","{'word': '김규식', 'start_idx': 104, 'end_idx': 106, 'entity_type': 'PER'}",no_relation
문재인_257,이 외에도 동의대학교 사건에서도 변호인단을 꾸려 재판을 진두지휘했으며 2002년에는 1980년 가족 간첩단 사건에 연루되어 15년을 복역하고 출소한 신귀영 씨의 재심에 변호인단으로 참여하기도 했다.,"{'word': '1980년 가족 간첩단 사건', 'start_idx': 47, 'end_idx': 61, 'entity_type': 'EVT'}","{'word': '2002년', 'start_idx': 39, 'end_idx': 43, 'entity_type': 'DAT'}",no_relation
박근혜1_60,형제로는 이복언니 박재옥이 있고 동복동생인 여동생 박근령과 남동생 박지만이 있다.,"{'word': '박근령', 'start_idx': 28, 'end_idx': 30, 'entity_type': 'PER'}","{'word': '박지만', 'start_idx': 37, 'end_idx': 39, 'entity_type': 'PER'}",no_relation
이승만3_87,"김구가 위원장, 조소앙, 김성수가 부위원장에 추대되었다.","{'word': '김성수', 'start_idx': 14, 'end_idx': 16, 'entity_type': 'PER'}","{'word': '부위원장', 'start_idx': 19, 'end_idx': 22, 'entity_type': 'POH'}",per:title
이승만3_193,"조선국민학교생도를 선두로 기행렬에 옮기어 행렬은 오후 2시 20분경 안국정 네거리에 이르러 조선생명보험회사 2층에서 축하를 받는 김구를 중심으로 좌우에 이승만, 이시영, 김규식, 류동렬 등 앞에서 ""대한임시정부 만세, 김구 만세, 이승만 만세""를 부르고 경성역 앞에 이르러 해산하였다.","{'word': '김구', 'start_idx': 72, 'end_idx': 73, 'entity_type': 'PER'}","{'word': '이승만', 'start_idx': 85, 'end_idx': 87, 'entity_type': 'PER'}",no_relation
박정희_57,민족문제연구소가 주장하는 박정희의 혈서 내용은 박정희의 만주군 서류지원 당시 함께 교사 생활을 했던 유증선씨의 증언과 상당히 엇갈린다.,"{'word': '박정희', 'start_idx': 14, 'end_idx': 16, 'entity_type': 'PER'}","{'word': '민족문제연구소', 'start_idx': 0, 'end_idx': 6, 'entity_type': 'ORG'}",no_relation
대한민국4_4,"1963년 이후 집권한 박정희는 공업화, 산업화 정책을 추진하였고 농업인구는 격감하여 1970년 1천4백42만 명으로 전체인구의 44.7%였고, 2010년 기준","{'word': '박정희', 'start_idx': 13, 'end_idx': 15, 'entity_type': 'PER'}","{'word': '1963년', 'start_idx': 0, 'end_idx': 4, 'entity_type': 'DAT'}",per:inauguration/removal_date
문재인_67,"29일 경남도지사 후보 김경수와 구동태 목사를 방문한 뒤 ""신당이 영남지역에서 정면승부를 해야 한다는 주장에 공감한다""며, ""정당공천제 폐지가 통합의 고리""라는 입장을 보였다.","{'word': '구동태', 'start_idx': 18, 'end_idx': 20, 'entity_type': 'PER'}","{'word': '목사', 'start_idx': 22, 'end_idx': 23, 'entity_type': 'POH'}",per:title
문재인_70,"같은 날 해외자원개발 국정조사의 증인으로 서겠다고 밝혔으며 이명박 전 대통령의 합류를 요구했으나, 새누리당은 이를 ""정치 공세""라고 비난했다.","{'word': '이명박', 'start_idx': 33, 'end_idx': 35, 'entity_type': 'PER'}","{'word': '전 대통령', 'start_idx': 37, 'end_idx': 41, 'entity_type': 'POH'}",per:title
문재인_236,"국정원장으로는 서훈이, 청와대 경호실장으로는 주영훈이 내정되었다.","{'word': '주영훈', 'start_idx': 25, 'end_idx': 27, 'entity_type': 'PER'}","{'word': '청와대 경호실장', 'start_idx': 13, 'end_idx': 20, 'entity_type': 'POH'}",per:title
대한민국4_16,"국채 보상 운동이 자발적으로 확산되었고 1920년대에는 김성수는 자본을 투자하여 경성방직, 경성직류 등 방직과 면 공업을 육성하여 민족자본을 형성하기도 하였다.","{'word': '김성수', 'start_idx': 31, 'end_idx': 33, 'entity_type': 'PER'}","{'word': '1920년', 'start_idx': 22, 'end_idx': 26, 'entity_type': 'DAT'}",no_relation
문재인_38,"청와대 안에서 이정호 대통령비서실 시민사회수석, 이호철 대통령비서실 국정상황실장 등과 함께 PK인맥을 대표했는데, '왕수석'으로 불리며 한나라당으로부터 '왕수석인 문재인 수석의 월권과 청와대의 시스템 경시로 인해 국정 원칙이 파괴됐다'는 비난을 받으며 2인자로 주목받기도 했다.","{'word': '이정호', 'start_idx': 8, 'end_idx': 10, 'entity_type': 'PER'}","{'word': '이호철', 'start_idx': 27, 'end_idx': 29, 'entity_type': 'PER'}",per:colleagues
이승만3_12,"여운형, 김규식의 좌우합작위원회는 '10·1 폭동이 경찰에 대한 반감, 군정 내 친일파의 존재, 일부 한국인 관리의 부패, 파괴분자들의 선동 탓에 일어났지만, 사태를 살육과 파괴로 몰고 간 책임은 과격한 투쟁 노선으로 기운 조선공산당에 있다'고 비판했다.","{'word': '김규식', 'start_idx': 5, 'end_idx': 7, 'entity_type': 'PER'}","{'word': '좌우합작위원회', 'start_idx': 10, 'end_idx': 16, 'entity_type': 'ORG'}",per:employee_of
이승만3_237,1948년 3월 8일 미국 군율재판 위원회는 북미합중국대통령 트루만의 명의로 1948년 3월 12일 오전 9시에 출정하라는 소환장을 김구에게 발부 하였다.,"{'word': '김구', 'start_idx': 74, 'end_idx': 75, 'entity_type': 'PER'}","{'word': '트루만', 'start_idx': 34, 'end_idx': 36, 'entity_type': 'PER'}",no_relation
이승만3_257,이윤영의 총리인준이 실패하자 이승만은 이윤영을 지청천과 함께 초대 내각의 무임소 장관에 입각시켰다.,"{'word': '이윤영', 'start_idx': 0, 'end_idx': 2, 'entity_type': 'PER'}","{'word': '이승만', 'start_idx': 16, 'end_idx': 18, 'entity_type': 'PER'}",no_relation
박정희_34,"당시 보병 8단에는 박정희를 포함해 이주일, 방원철, 신현준 등 한국인 장교가 4명 있었다.""고 반박한다.","{'word': '방원철', 'start_idx': 25, 'end_idx': 27, 'entity_type': 'PER'}","{'word': '장교', 'start_idx': 36, 'end_idx': 41, 'entity_type': 'POH'}",per:title
문재인_138,"미국의 시사 잡지 애틀랜틱은 북한의 '핵 드라마'에서 김정은 북한 노동당 위원장과 도널드 트럼프 미국 대통령이 변덕스럽고 매혹적인 스타라면, 이 드라마를 실제 연출하는 이는 문재인 대통령이라고 평가했다.","{'word': '도널드 트럼프', 'start_idx': 46, 'end_idx': 52, 'entity_type': 'PER'}","{'word': '미국 대통령', 'start_idx': 54, 'end_idx': 59, 'entity_type': 'POH'}",per:title
대한민국5_8,"대표적인 K-POP 가수로는 보아, 동방신기, 슈퍼주니어, 소녀시대, 샤이니, 비스트, 티아라, 인피니트, 방탄소년단, 핑클 등이 있다.","{'word': '소녀시대', 'start_idx': 33, 'end_idx': 36, 'entity_type': 'PER'}","{'word': '가수', 'start_idx': 11, 'end_idx': 12, 'entity_type': 'POH'}",per:title
문재인_2,"동년 대선 출마를 선언했으며 손학규, 김두관, 정세균 등과 겨루어 전국 순회경선 13회 전승을 거두며 민주통합당 제18대 대선 후보로 확정되어 출마하였으나 새누리당의 박근혜 후보에게 패배하였다.","{'word': '손학규', 'start_idx': 16, 'end_idx': 18, 'entity_type': 'PER'}","{'word': '민주통합당', 'start_idx': 57, 'end_idx': 61, 'entity_type': 'ORG'}",per:employee_of
문재인_10,"1965년에 남항초등학교를 졸업한 문재인은 경남중학교에 입학했고, 1968년 중학교를 졸업한 후에는 경남고등학교에 수석 입학했다.","{'word': '문재인', 'start_idx': 19, 'end_idx': 21, 'entity_type': 'PER'}","{'word': '경남고등학교', 'start_idx': 56, 'end_idx': 61, 'entity_type': 'ORG'}",per:employee_of
대한민국4_25,"2000년 이후 자신이 게이임을 커밍아웃한 홍석천을 시작으로 트랜스젠더인 하리수, 이시연 등의 공개적 활동 등으로 성소수자들에 대한 맹목적 거부감이 사회적으로 서서히 사라지기 시작하였다.","{'word': '홍석천', 'start_idx': 24, 'end_idx': 26, 'entity_type': 'PER'}","{'word': '2000년 이후', 'start_idx': 0, 'end_idx': 7, 'entity_type': 'DAT'}",no_relation
문재인_130,"임종석 대통령비서실장 후임에는 노영민 주중국대사가, 한병도 정무수석 후임에는 강기정 전 더불어민주당 의원이, 윤영찬 국민소통수석 후임에는 윤도한 전 MBC 논설위원이 각각 내정되었다.","{'word': '강기정', 'start_idx': 43, 'end_idx': 45, 'entity_type': 'PER'}","{'word': '전 더불어민주당 의원', 'start_idx': 47, 'end_idx': 57, 'entity_type': 'POH'}",per:title
대한민국1_50,"대표적인 강은 위쪽부터 반시계 방향으로 한강, 금강, 영산강, 섬진강, 낙동강 등이다.","{'word': '영산강', 'start_idx': 30, 'end_idx': 32, 'entity_type': 'LOC'}","{'word': '낙동강', 'start_idx': 40, 'end_idx': 42, 'entity_type': 'LOC'}",no_relation
문재인_214,"그는 ""불출마선언을 하면서도 다행스러운 것은 배재정이라는 훌륭한 사람을 사상의 차기 국회의원으로 예약해놓고 떠난다는 것""이라며 ""배재정을 국회로 보내주시면 제가 함께 사상을 책임지고 발전시키겠다""고 말했다.","{'word': '배재정', 'start_idx': 72, 'end_idx': 74, 'entity_type': 'PER'}","{'word': '국회', 'start_idx': 77, 'end_idx': 78, 'entity_type': 'ORG'}",no_relation
문재인_139,"진보 성향의 주상영 건국대 교수조차 ""기업구조조정이나 공공부문 개혁, 증세 논의 등 경제 효율성 향상 정책이 없을 경우 금융위기 발생, 불평등 심화, 수요 부족의 문제를 겪게 될 것""이라고 지적했고, 더불어민주당 국민경제상황실 부단장을 맡았던 주진형 전 한화투자증권 대표는 최저임금 인상 정책에 대해 ""부모 없는 아이""라고 강하게 비판하기도 하였다.","{'word': '주상영', 'start_idx': 7, 'end_idx': 9, 'entity_type': 'PER'}","{'word': '교수', 'start_idx': 15, 'end_idx': 16, 'entity_type': 'POH'}",per:title
대한민국1_16,"중화인민공화국, 중화민국, 일본, 베트남 등 주로 동아시아에 있는 한자 문화권 국가들에서도 일상에서 대한민국을 간단히 한국(, , )이라 부른다.","{'word': '동아시아', 'start_idx': 28, 'end_idx': 31, 'entity_type': 'LOC'}","{'word': '중화인민공화국', 'start_idx': 0, 'end_idx': 6, 'entity_type': 'LOC'}",loc:subordinate
대한민국2_12,1992년 치러진 제14대 대선에서 민주자유당의 김영삼 후보가 당선되어 1993년에 취임하면서 대한민국은 이른바 문민정부 시대로 접어들었다.,"{'word': '김영삼', 'start_idx': 27, 'end_idx': 29, 'entity_type': 'PER'}","{'word': '민주자유당', 'start_idx': 20, 'end_idx': 24, 'entity_type': 'ORG'}",per:employee_of
대한민국4_3,"한편, 보수 기독교단체에서 ""동성애가 합법화되면 동성애자를 욕해도 처벌받는다거나 동성애자 부부에 대해 주례를 거부한 이유로 처벌받을 수 있다""라고 주장하며 제17대 국회에서부터 대한민국 차별금지법 제정에 대한 반대를 예배나 각종 집회를 통해 선동하였고 또, 자유한국당 안상수 의원은 2019년 11월 ""국가인권위원회법에서 정한 차별금지 대상에서 성적 취향을 제외하자""는 개정안을 발의하며 논란을 낳았다.","{'word': '안상수', 'start_idx': 150, 'end_idx': 152, 'entity_type': 'PER'}","{'word': '의원', 'start_idx': 154, 'end_idx': 155, 'entity_type': 'POH'}",per:title
박근혜1_46,"박정희는 소령이던 1949년, 여순 사건에 따른 숙군 여파로 육군 특무대(현재의 국군기무사령부)의 가혹한 고문끝에 남조선로동당 가입 혐의로 육군 고등군법회의에서 유죄를 선고받고 파면되어 육군 정보국에서 직제에도 없는 문관으로 근무하였다.","{'word': '여순 사건', 'start_idx': 17, 'end_idx': 21, 'entity_type': 'EVT'}","{'word': '1949년', 'start_idx': 10, 'end_idx': 14, 'entity_type': 'DAT'}",event/artifact:date
대한민국1_44,2021년 7월 2일 스위스 제네바 본부에서 열린 ‘제68차 무역개발이사회’ 마지막 회의에서 한국의 지위를 선진국 그룹으로 ‘의견 일치’로 변경하고 선진국으로 인정했다.,"{'word': '제68차 무역개발이사회', 'start_idx': 29, 'end_idx': 40, 'entity_type': 'EVT'}","{'word': '2021년 7월 2일', 'start_idx': 0, 'end_idx': 10, 'entity_type': 'DAT'}",event/artifact:date
정치_0,"철학자 플라톤은 정부를 군주정과 과두정, 금권정, 민주정으로 분류했다.","{'word': '플라톤', 'start_idx': 4, 'end_idx': 6, 'entity_type': 'PER'}","{'word': '철학자', 'start_idx': 0, 'end_idx': 2, 'entity_type': 'POH'}",per:title
이승만3_335,"1948년 4월 25일 선출되지 않은 김구와 김규식은 남한 대표의 자격이 없으며, ""남북협상은 소련에게 이용당한 결과""라고 혹평했다.","{'word': '김규식', 'start_idx': 25, 'end_idx': 27, 'entity_type': 'PER'}","{'word': '1948년 4월 25일', 'start_idx': 0, 'end_idx': 11, 'entity_type': 'DAT'}",no_relation
문재인_152,"강남 3구를 비롯한 서울 11개구와 세종시를 투기지역으로, 투기지역 및 서울 14개구와 경기도 과천시를 투기과열지구로, 투기과열지구 및 부산 7개구와 및 경기도 6개시를 조정대상지역으로 지정했고, 투기지역과 투기과열지구의 주택담보대출비율(LTV)·총부채상환비율(DTI)을 각각 60%와 50%에서 40%로 일괄 하향 조정하기로 했다.","{'word': '서울', 'start_idx': 11, 'end_idx': 12, 'entity_type': 'LOC'}","{'word': '강남', 'start_idx': 0, 'end_idx': 1, 'entity_type': 'LOC'}",loc:subordinate
박정희_58,1998년 2월 12일 처음 게제됐었던 조갑제의 조선일보 인터뷰 기사에 의하면 유증선씨는 1938년 5월쯤에 박정희가 핏방울로 시험지에다 '盡忠報國 滅私奉公(진충보국 멸사봉공)'이라고 써서 만주로 보냈다고 한다.,"{'word': '조갑제', 'start_idx': 22, 'end_idx': 24, 'entity_type': 'PER'}","{'word': '조선일보', 'start_idx': 27, 'end_idx': 30, 'entity_type': 'ORG'}",no_relation
윤석열_30,서울대학교 출신으로는 김영삼 대통령 이후 두 번째이다.,"{'word': '김영삼', 'start_idx': 12, 'end_idx': 14, 'entity_type': 'PER'}","{'word': '대통령', 'start_idx': 16, 'end_idx': 18, 'entity_type': 'POH'}",per:title
중임_3,사마천의 사기에 따르면 아버지 탕과 형인 외병의 뒤를 이어 상나라의 3대 군주가 되었다.,"{'word': '사마천', 'start_idx': 0, 'end_idx': 2, 'entity_type': 'PER'}","{'word': '상나라', 'start_idx': 33, 'end_idx': 35, 'entity_type': 'ORG'}",no_relation
문재인_118,"정현백 여성가족부 장관은 홍대 몰카 수사가 '편파 수사'라는 집회 현장에 다녀온 전적이 논란이 되었고, 그 이전에는 여성 비하 논란이 있는 탁현민 청와대 행정관의 경질을 건의해 문재인 대통령 지지자들로부터 비판을 받은 바 있다.","{'word': '정현백', 'start_idx': 0, 'end_idx': 2, 'entity_type': 'PER'}","{'word': '여성가족부 장관', 'start_idx': 4, 'end_idx': 11, 'entity_type': 'POH'}",per:title
박근혜1_31,"2002년 5월 12일 조선민주주의인민공화국을 방문, 5월 13일 김정일 국방위원장과 만나 회담을 하고 5월 14일 서울특별시로 돌아왔다.","{'word': '김정일', 'start_idx': 37, 'end_idx': 39, 'entity_type': 'PER'}","{'word': '국방위원장', 'start_idx': 41, 'end_idx': 45, 'entity_type': 'POH'}",per:title
박근혜2_24,"2012년 9월 12일 인혁당 사건 유족들은 새누리당 앞에서 기자 회견을 열고 ""이미 박 후보는 2005년에 국정원이 인혁당 사건이 조작되었다는 조사결과를 발표할때도 '한 마디로 가치가 없는 것이며, 모함'이라고 발언한 바 있다""며 ""사람이 억울하게 8명이나 사형당한 사건을 가치가 없고 모함이라고 말하는 박 후보는 최소한 인간에 대한 예의조차 있는가.","{'word': '인혁당 사건', 'start_idx': 13, 'end_idx': 18, 'entity_type': 'EVT'}","{'word': '2012년 9월 12일', 'start_idx': 0, 'end_idx': 11, 'entity_type': 'DAT'}",event/artifact:date
한반도_39,"그러나 1945년에 미국과 소련의 분할점령에 따른 군정으로 인해 이념을 달리한 두 국가가 1948년 건국되었고 1950년 6월 25일, 6.25 전쟁이 발발하였다.","{'word': '6.25 전쟁', 'start_idx': 76, 'end_idx': 82, 'entity_type': 'EVT'}","{'word': '1950년 6월 25일', 'start_idx': 62, 'end_idx': 73, 'entity_type': 'DAT'}",event/artifact:date
박근혜1_50,"박근혜는 1970년에 서강대학교에 입학하여 1974년에 졸업했고, 프랑스 그르노블 대학으로 유학길에 올랐다가 1974년 모친 사후 귀국해 1979년 10.26 사건 이전까지 사실상 대통령 배우자 직무를 대행했다.","{'word': '박근혜', 'start_idx': 0, 'end_idx': 2, 'entity_type': 'PER'}","{'word': '서강대학교', 'start_idx': 12, 'end_idx': 16, 'entity_type': 'ORG'}",per:employee_of
이승만3_293,1946년 5월 23일 이승만은 민규식(閔奎植)등 경제보국회 소속 10명으로부터 1천만원을 '독립자금' 명목으로 제공받았다.,"{'word': '이승만', 'start_idx': 13, 'end_idx': 15, 'entity_type': 'PER'}","{'word': '1946년 5월 23일', 'start_idx': 0, 'end_idx': 11, 'entity_type': 'DAT'}",no_relation
문재인_13,출소 후 신체검사를 받지 않은 상태에서 강제로 군에 징집된 문재인은 1975년 8월 육군에 입대하였고 대한민국 39향토보병사단 신병훈련소를 거쳐 육군특수전사령부 예하 제1공수특전여단 제3특전대대 대대본부 작전과에서 복무했다.,"{'word': '문재인', 'start_idx': 33, 'end_idx': 35, 'entity_type': 'PER'}","{'word': '39향토보병사단 신병훈련소', 'start_idx': 62, 'end_idx': 75, 'entity_type': 'ORG'}",per:employee_of
대한민국1_58,"고조선 멸망을 전후하여 부여, 옥저, 동예, 진국, 삼한 등 여러 나라가 생겨났고, 이후 고구려, 백제, 신라의 삼국 시대로 이어졌으며 이 중 신라가 삼국을 부분적으로 통일하는 한편 북쪽의 발해와 함께 남북국 시대를 형성했다.","{'word': '고조선', 'start_idx': 0, 'end_idx': 2, 'entity_type': 'LOC'}","{'word': '부여', 'start_idx': 13, 'end_idx': 14, 'entity_type': 'LOC'}",no_relation
이승만3_146,1947년 4월 21일 비행기편으로 경기도 김포공항을 통해 귀국하였다.,"{'word': '경기도', 'start_idx': 20, 'end_idx': 22, 'entity_type': 'LOC'}","{'word': '김포공항', 'start_idx': 24, 'end_idx': 27, 'entity_type': 'LOC'}",loc:subordinate
박정희_8,1961년 5·16 군사정변 직후 미국은 박정희의 남로당 행적에 관하여 그의 사상을 의심하기도 하였으며 제5대와 제6대 대통령 선거에서는 당시 민주당 대통령 후보였던 윤보선이 박정희에게 사상공세를 하기도 했다.,"{'word': '박정희', 'start_idx': 23, 'end_idx': 25, 'entity_type': 'PER'}","{'word': '남로당', 'start_idx': 28, 'end_idx': 30, 'entity_type': 'ORG'}",per:employee_of
박근혜2_7,"이는 새누리당 유승민 의원을 겨냥해서 한 말로, 특정인의 낙선을 유도하는 발언이기 때문에 공직선거법에 위배된다는 조국 교수와 문재인 새정치민주연합 대표의 비판이 있었다.","{'word': '문재인', 'start_idx': 70, 'end_idx': 72, 'entity_type': 'PER'}","{'word': '새정치민주연합', 'start_idx': 74, 'end_idx': 80, 'entity_type': 'ORG'}",per:employee_of
윤석열_17,"2019년 7월 검찰총장 취임사에서 “이제는 자유민주주의와 시장경제 질서의 본질을 지키는 데 역량을 더 집중시켜야 한다”고 강조하면서 대검찰청 대변인실을 통해 “신임 총장은 시카고학파인 밀턴 프리드먼과 1947년 스위스에서 자유주의 학자들의 모임인 몽펠르랭소사이어티(MPS)를 결성해 자유주의 가치를 지키고 확산하는 데 힘을 쏟은 오스트리아학파 경제학자인 루트비히 폰 미제스의 사상에 깊이 공감하고 있고, 자유시장경제와 형사 법집행 문제에 관해 고민해 왔다”며 “시장경제와 가격기구, 자유로운 기업 활동이 인류의 번영과 행복을 증진해 왔고, 이는 역사적으로도 증명된 사실이라는 강한 믿음을 가지고 있다”고 설명했다.","{'word': '루트비히 폰 미제스', 'start_idx': 199, 'end_idx': 208, 'entity_type': 'PER'}","{'word': '경제학자', 'start_idx': 193, 'end_idx': 196, 'entity_type': 'POH'}",per:title
한반도_0,고구려 계통의 유이민들이 마한 부족국 연맹체로 유입되어 한강 유역에서 백제를 건국하게 되었다.,"{'word': '백제', 'start_idx': 39, 'end_idx': 40, 'entity_type': 'ORG'}","{'word': '마한 부족국 연맹체', 'start_idx': 14, 'end_idx': 23, 'entity_type': 'ORG'}",org:founded_by
헌법_10,"그의 제자 해벌레는 헌법 변천의 개념을 배척하면서, 헤세와 마찬가지로 헌법 개정에 중점을 두었다.","{'word': '헤세', 'start_idx': 29, 'end_idx': 30, 'entity_type': 'PER'}","{'word': '해벌레', 'start_idx': 6, 'end_idx': 8, 'entity_type': 'PER'}",no_relation
문재인_251,"서울·세종 전역과 부산·경기 일부 등 집값이 급등한 조정대상지역 2주택 이상 보유자에 대해 주택분 종합부동산세 최고세율을 참여정부 수준 이상인 최고 3.2%로 중과하고, 세 부담 상한도 150%에서 300%로 올린다.","{'word': '서울', 'start_idx': 0, 'end_idx': 1, 'entity_type': 'LOC'}","{'word': '세종', 'start_idx': 3, 'end_idx': 4, 'entity_type': 'LOC'}",no_relation
문재인_5,문용형은 함경남도 흥남의 남평 문씨 집성촌인 솔안마을 출신으로 함흥농고 졸업 후 일제시대 흥남읍사무소에서 농업계 계장으로 근무했다.,"{'word': '문용형', 'start_idx': 0, 'end_idx': 2, 'entity_type': 'PER'}","{'word': '흥남읍사무소', 'start_idx': 50, 'end_idx': 55, 'entity_type': 'ORG'}",per:employee_of
이승만3_118,이윤영의 총리인준이 실패하자 이승만은 이윤영을 지청천과 함께 초대 내각의 무임소 장관에 입각시켰다.,"{'word': '이윤영', 'start_idx': 21, 'end_idx': 23, 'entity_type': 'PER'}","{'word': '무임소 장관', 'start_idx': 41, 'end_idx': 46, 'entity_type': 'POH'}",per:title
문재인_176,"12월 14일, 국민연금 개편안이 발표되었다.","{'word': '국민연금 개편안', 'start_idx': 9, 'end_idx': 16, 'entity_type': 'POH'}","{'word': '12월 14일', 'start_idx': 0, 'end_idx': 6, 'entity_type': 'DAT'}",event/artifact:date
헌법_4,"대부분의 헌법은 정국의 안정과 헌법의 기본법으로서의 권위 유지를 위해 경성 헌법의 형태를 취하지만, 불문 헌법 국가인 영국이나 1948년에 제정된 뉴질랜드의 헌법 등은 연성 헌법의 형태를 취하고 있다.","{'word': '뉴질랜드의 헌법', 'start_idx': 82, 'end_idx': 89, 'entity_type': 'POH'}","{'word': '1948년', 'start_idx': 71, 'end_idx': 75, 'entity_type': 'DAT'}",event/artifact:date
문재인_211,"새정치민주연합 내 일부 의원들 사이에서도 이러한 주장이 제기되었으나, 안철수는 이러한 문재인의 주장을 비판했으며, 새누리당은 그를 비판하는 논평을 냈다.","{'word': '안철수', 'start_idx': 39, 'end_idx': 41, 'entity_type': 'PER'}","{'word': '새누리당', 'start_idx': 64, 'end_idx': 67, 'entity_type': 'ORG'}",no_relation
문재인_98,"6월까지 문재인 대통령과 더불어민주당의 지지율은 각각 70%대, 50%대를 유지했으며, 제7회 전국동시지방선거에서 여당인 더불어민주당이 압승을 거두면서 문 대통령의 국정운영에 힘이 실리게 되었다.","{'word': '문', 'start_idx': 85, 'end_idx': 85, 'entity_type': 'PER'}","{'word': '대통령', 'start_idx': 87, 'end_idx': 89, 'entity_type': 'POH'}",per:title
대한민국2_32,"1945년 12월에 모스크바 3상 회의에서 신탁통치안 문제를 놓고 한반도 내에는 좌, 우익 세력간 대립이 격화되었다.","{'word': '모스크바 3상 회의', 'start_idx': 11, 'end_idx': 20, 'entity_type': 'EVT'}","{'word': '1945년', 'start_idx': 0, 'end_idx': 4, 'entity_type': 'DAT'}",event/artifact:date
대한민국5_28,"라디오 방송의 경우 지상파 방송사인 KBS, MBC, SBS, EBS가 점유하는 주파수와 기타 CBS (대한민국의 방송사)(CBS), 극동방송(FEBC), 불교방송(BBS), 평화방송(PBC), 원음방송(WBS) 등 종교방송의 주파수, 교통안내 전문 방송인 교통방송(서울은 TBS, 기타 지역은 TBN 한국교통방송), 국악 전문의 국악방송, 그리고 국방홍보 목적의 국군방송 등의 여러 방송사가 존재한다.","{'word': 'FEBC', 'start_idx': 80, 'end_idx': 83, 'entity_type': 'ORG'}","{'word': 'CBS', 'start_idx': 69, 'end_idx': 71, 'entity_type': 'ORG'}",no_relation
문재인_164,"남양주 왕숙(1134만㎡), 하남 교산(649만㎡), 인천 계양 계양테크노밸리(335㎡), 과천 과천(155만㎡) 4곳이 3기 신도시 개발 대상이다.","{'word': '과천', 'start_idx': 51, 'end_idx': 52, 'entity_type': 'LOC'}","{'word': '과천', 'start_idx': 54, 'end_idx': 55, 'entity_type': 'LOC'}",loc:subordinate
한반도_35,한반도 최고기온은 2018년 8월1일 강원도 홍천군에서 41.1도를 기록했다.,"{'word': '한반도', 'start_idx': 0, 'end_idx': 2, 'entity_type': 'LOC'}","{'word': '강원도', 'start_idx': 21, 'end_idx': 23, 'entity_type': 'LOC'}",loc:subordinate
외교_0,시베리아 출병으로 일본군이 연합국과의 협약을 파기하고 대량출병·단독행동을 행한 것 등은 그 좋은 예이다.,"{'word': '연합국', 'start_idx': 15, 'end_idx': 17, 'entity_type': 'ORG'}","{'word': '일본군', 'start_idx': 10, 'end_idx': 12, 'entity_type': 'ORG'}",no_relation
문재인_158,"발표된 공공택지 17곳은 옛 성동구치소 자리와 대포동 재건마을, 비공개 9개 부지 등 서울 11곳, 광명 하안2 · 의왕 청계2 · 성남 신촌 · 시흥 하중 · 의정부 우정 등 경기 5곳, 검암 역세권 등 인천 1곳이다.","{'word': '시흥', 'start_idx': 82, 'end_idx': 83, 'entity_type': 'LOC'}","{'word': '하중', 'start_idx': 85, 'end_idx': 86, 'entity_type': 'LOC'}",loc:subordinate
문재인_205,"2021년 4월 7일 열린 서울시장, 부산시장 보궐선거에서 여당이 참패하였고, 비슷한 시기 지지율 또한 사상 최초로 20%대로 떨어졌다.","{'word': '서울시장, 부산시장 보궐선거', 'start_idx': 15, 'end_idx': 29, 'entity_type': 'EVT'}","{'word': '2021년 4월 7일', 'start_idx': 0, 'end_idx': 10, 'entity_type': 'DAT'}",event/artifact:date
대한민국3_9,1948년 5월 10일 남한에서만 총선거가 실시되어 제헌 국회가 구성되었고 제헌 국회에 의해 7월 17일 대한민국 제헌 헌법이 제정되었다.,"{'word': '대한민국 제헌 헌법', 'start_idx': 59, 'end_idx': 68, 'entity_type': 'POH'}","{'word': '7월 17일', 'start_idx': 52, 'end_idx': 57, 'entity_type': 'DAT'}",event/artifact:date
이승만3_74,"이승만이 의장에, 김구·김규식이 부의장에 추대되었다.","{'word': '이승만', 'start_idx': 0, 'end_idx': 2, 'entity_type': 'PER'}","{'word': '의장', 'start_idx': 5, 'end_idx': 6, 'entity_type': 'POH'}",per:title
대한민국1_56,"고조선 멸망을 전후하여 부여, 옥저, 동예, 진국, 삼한 등 여러 나라가 생겨났고, 이후 고구려, 백제, 신라의 삼국 시대로 이어졌으며 이 중 신라가 삼국을 부분적으로 통일하는 한편 북쪽의 발해와 함께 남북국 시대를 형성했다.","{'word': '고조선', 'start_idx': 0, 'end_idx': 2, 'entity_type': 'LOC'}","{'word': '진국', 'start_idx': 25, 'end_idx': 26, 'entity_type': 'LOC'}",no_relation
박근혜1_53,박근혜는 대기업 관련 범죄·문화예술계 블랙리스트 등 혐의 18개 와 국정원 특활비 · 공천개입 등 혐의 3개에 대해 각각 재판을 받았다.,"{'word': '박근혜', 'start_idx': 0, 'end_idx': 2, 'entity_type': 'PER'}","{'word': '국정원', 'start_idx': 38, 'end_idx': 40, 'entity_type': 'ORG'}",no_relation
윤석열_49,"2021년 6월 29일 대통령 선거 출마를 선언하였고, 7월 30일에는 국민의힘에 입당하였다.","{'word': '대통령 선거', 'start_idx': 13, 'end_idx': 18, 'entity_type': 'EVT'}","{'word': '2021년 6월 29일', 'start_idx': 0, 'end_idx': 11, 'entity_type': 'DAT'}",event/artifact:date
문재인_73,"동아일보 기자를 거쳐 네이버 미디어서비스 실장(미디어 담당 이사), 한국인터넷기업협회 운영위원장 등을 역임한 윤영찬 네이버 부사장을 소셜네트워크서비스(SNS) 담당본부장으로 영입했고, 주요 여성계 인사인 남인순 의원을 여성본부장으로 영입했다.","{'word': '윤영찬', 'start_idx': 61, 'end_idx': 63, 'entity_type': 'PER'}","{'word': '미디어서비스 실장', 'start_idx': 16, 'end_idx': 24, 'entity_type': 'POH'}",per:title
한반도_46,"기원전 2세기에 이르러서는 만주에 위치했던 부여와 더불어 옥저, 동예, 삼한이 출현하게 되었는데 이 시기를 원삼국 시대라고 한다.","{'word': '부여', 'start_idx': 24, 'end_idx': 25, 'entity_type': 'ORG'}","{'word': '삼한', 'start_idx': 40, 'end_idx': 41, 'entity_type': 'ORG'}",no_relation
문재인_147,문용형은 함경남도 흥남의 남평 문씨 집성촌인 솔안마을 출신으로 함흥농고 졸업 후 일제시대 흥남읍사무소에서 농업계 계장으로 근무했다.,"{'word': '문용형', 'start_idx': 0, 'end_idx': 2, 'entity_type': 'PER'}","{'word': '솔안마을', 'start_idx': 25, 'end_idx': 28, 'entity_type': 'LOC'}",per:origin
문재인_25,"이후 2015년 2월 8일 새정치민주연합 제1차 전당대회에서 41.8%를 얻은 박지원 후보를 앞선 45.3%를 얻으며 새정치민주연합 당대표에 당선되었으며, 새정치민주연합이 더불어민주당으로 개편된 후에도 계속 대표를 지냈다.","{'word': '박지원', 'start_idx': 44, 'end_idx': 46, 'entity_type': 'PER'}","{'word': '새정치민주연합', 'start_idx': 66, 'end_idx': 72, 'entity_type': 'ORG'}",per:employee_of
이승만3_186,"윤보선의 사회로 시작되어 오세창의 개회사, 이인의 봉영문 낭독, 권동진의 만세삼창이 이어진 뒤 봉영문은 권동진, 김성수, 이인을 통해 김구에게 전달되었다.","{'word': '윤보선', 'start_idx': 0, 'end_idx': 2, 'entity_type': 'PER'}","{'word': '오세창', 'start_idx': 14, 'end_idx': 16, 'entity_type': 'PER'}",no_relation
대한민국2_47,"이기붕 계열은 또한 친 자유당 성향의 이정재, 임화수, 유지광 등의 정치깡패들을 활용하여 야당 의원의 집회를 탄압, 제1공화국 후반기는 혼란을 거듭했다.","{'word': '유지광', 'start_idx': 31, 'end_idx': 33, 'entity_type': 'PER'}","{'word': '임화수', 'start_idx': 26, 'end_idx': 28, 'entity_type': 'PER'}",no_relation
문재인_244,"2004년 자리에서 물러나 히말라야 산맥으로 트래킹을 떠났으나, 도중에 노무현의 탄핵 소추 소식을 듣고 즉시 귀국하여 변호인단의 간사를 맡았다.","{'word': '노무현', 'start_idx': 40, 'end_idx': 42, 'entity_type': 'PER'}","{'word': '히말라야 산맥', 'start_idx': 15, 'end_idx': 21, 'entity_type': 'LOC'}",no_relation
박근혜1_61,박근혜는 1997년 12월 2일 사촌 오빠 박재홍의 소개로 한나라당의 제15대 대통령 선거 후보였던 이회창과 만났다.,"{'word': '박재홍', 'start_idx': 24, 'end_idx': 26, 'entity_type': 'PER'}","{'word': '박근혜', 'start_idx': 0, 'end_idx': 2, 'entity_type': 'PER'}",no_relation
문재인_79,"이날 문재인 대통령은 ""한 번도 경험하지 못한 나라를 만들겠다""고 말했다.","{'word': '문재인', 'start_idx': 3, 'end_idx': 5, 'entity_type': 'PER'}","{'word': '대통령', 'start_idx': 7, 'end_idx': 9, 'entity_type': 'POH'}",per:title
대한민국5_35,"삼국 시대에는 왕족과 귀족을 위한 예술이 등장하였는데, 고구려의 고분벽화, 백제의 금동대향로, 신라의 금관이 대표적이다.","{'word': '고구려', 'start_idx': 31, 'end_idx': 33, 'entity_type': 'ORG'}","{'word': '신라', 'start_idx': 53, 'end_idx': 54, 'entity_type': 'ORG'}",no_relation
이승만3_100,이승만과 김구를 공동영수로 추대하였다.,"{'word': '이승만', 'start_idx': 0, 'end_idx': 2, 'entity_type': 'PER'}","{'word': '공동영수', 'start_idx': 9, 'end_idx': 12, 'entity_type': 'POH'}",per:title
문재인_137,"미국의 시사 잡지 애틀랜틱은 북한의 '핵 드라마'에서 김정은 북한 노동당 위원장과 도널드 트럼프 미국 대통령이 변덕스럽고 매혹적인 스타라면, 이 드라마를 실제 연출하는 이는 문재인 대통령이라고 평가했다.","{'word': '김정은', 'start_idx': 30, 'end_idx': 32, 'entity_type': 'PER'}","{'word': '북한 노동당 위원장', 'start_idx': 34, 'end_idx': 43, 'entity_type': 'POH'}",per:title
대한민국2_40,"더구나 2014년 4월 세월호 참사와 2015년 메르스 사태 등 국가적 재난 대책에 미숙한 모습을 드러내었으며, 창조경제와 노동개혁, 국정교과서 추진, 한일 위안부 합의 등 여러 정책에 대해 사회적 비판과 갈등을 겪었다.","{'word': '메르스 사태', 'start_idx': 27, 'end_idx': 32, 'entity_type': 'EVT'}","{'word': '2015년', 'start_idx': 21, 'end_idx': 25, 'entity_type': 'DAT'}",event/artifact:date
이승만3_203,"이승만은 총재, 김구는 부총재에 추대되었다.","{'word': '이승만', 'start_idx': 0, 'end_idx': 2, 'entity_type': 'PER'}","{'word': '김구', 'start_idx': 9, 'end_idx': 10, 'entity_type': 'PER'}",no_relation
대한민국1_36,"인골 화석으로는 충청북도 단양군 상시굴과 두루봉동굴, 제천시 점말굴 등에서 현생인류로 추정되는 사람 뼈 화석이 발견된 바 있다.","{'word': '제천시', 'start_idx': 30, 'end_idx': 32, 'entity_type': 'LOC'}","{'word': '점말굴', 'start_idx': 34, 'end_idx': 36, 'entity_type': 'LOC'}",loc:subordinate
대한민국5_37,"인천은 약 298만 명, 대전 155만 명, 광주 148만명 울산 117만 명 등이다.","{'word': '광주', 'start_idx': 25, 'end_idx': 26, 'entity_type': 'LOC'}","{'word': '울산', 'start_idx': 34, 'end_idx': 35, 'entity_type': 'LOC'}",no_relation
이승만3_270,"이승만의 인준 요청 후 곧바로 이윤영 국무총리 임명 승인안에 대한 무기명 표결을 진행한 결과 총 투표수 193표 중 찬성 59표, 반대 132표, 기권 2표로 부결되었다.","{'word': '이승만', 'start_idx': 0, 'end_idx': 2, 'entity_type': 'PER'}","{'word': '국무총리', 'start_idx': 21, 'end_idx': 24, 'entity_type': 'POH'}",no_relation
문재인_210,문재인 측은 국가정보원에서 자신을 비방하는 여론조작을 벌인다고 12월 11일 공개하였다.,"{'word': '문재인', 'start_idx': 0, 'end_idx': 2, 'entity_type': 'PER'}","{'word': '국가정보원', 'start_idx': 7, 'end_idx': 11, 'entity_type': 'ORG'}",no_relation
이승만3_321,1947년 9월 21일 이청천이 단장으로 있는 대동청년단의 총재로 취임하였다.,"{'word': '이청천', 'start_idx': 13, 'end_idx': 15, 'entity_type': 'PER'}","{'word': '1947년 9월 21일', 'start_idx': 0, 'end_idx': 11, 'entity_type': 'DAT'}",no_relation
이승만3_272,1948년 7월 31일 이승만은 이범석을 국무총리에 내정하였다.,"{'word': '이범석', 'start_idx': 18, 'end_idx': 20, 'entity_type': 'PER'}","{'word': '국무총리', 'start_idx': 23, 'end_idx': 26, 'entity_type': 'POH'}",per:title
