id,sentence,subject,object,label,annotator,pair
정치_0,"철학자 플라톤은 정부를 군주정과 과두정, 금권정, 민주정으로 분류했다.","{'text': '플라톤', 'start_idx': 4, 'end_idx': 6, 'entity_type': 'PER'}","{'text': '철학자', 'start_idx': 0, 'end_idx': 2, 'entity_type': 'POH'}",per:title,김별희,"('플라톤', '철학자')"
정치_1,‘정치’(政治)가 politics의 번역어로 쓰인 오래된 예로는 위원의 《해국도지(海國圖志)》(1844년판) 등이 있다.,"{'text': '해국도지', 'start_idx': 41, 'end_idx': 44, 'entity_type': 'POH'}","{'text': '1844년', 'start_idx': 53, 'end_idx': 57, 'entity_type': 'DAT'}",event/artifact:date,김별희,"('해국도지', '1844년')"
정치_2,1980년대 이후 포스트모더니즘의 영향으로 정치를 국가의 영역 뿐 아니라 모든 인간 관계에 내재된 권력 관계로 정의하는 경향도 생겼다.,"{'text': '포스트모더니즘', 'start_idx': 10, 'end_idx': 16, 'entity_type': 'POH'}","{'text': '1980년', 'start_idx': 0, 'end_idx': 4, 'entity_type': 'DAT'}",no_relation,김별희,"('포스트모더니즘', '1980년')"
한반도_0,고구려 계통의 유이민들이 마한 부족국 연맹체로 유입되어 한강 유역에서 백제를 건국하게 되었다.,"{'text': '백제', 'start_idx': 39, 'end_idx': 40, 'entity_type': 'ORG'}","{'text': '마한 부족국 연맹체', 'start_idx': 14, 'end_idx': 23, 'entity_type': 'ORG'}",org:founded_by,김별희,"('백제', '마한 부족국 연맹체')"
한반도_1,"후에 고조선의 왕이었던 준왕과 다수의 유이민들이 진국에 가서 한(韓)을 세웠고, 후에 마한, 변한, 진한의 삼한이 되었다.","{'text': '한', 'start_idx': 34, 'end_idx': 34, 'entity_type': 'ORG'}","{'text': '준왕', 'start_idx': 13, 'end_idx': 14, 'entity_type': 'PER'}",org:founded_by,김별희,"('한', '준왕')"
한반도_2,"이러한 시기에 견훤은 백제 유민들과 더불어 후백제를 세웠고, 궁예는 고구려 유민들과 더불어 후고구려를 세웠다.","{'text': '후백제', 'start_idx': 24, 'end_idx': 26, 'entity_type': 'ORG'}","{'text': '견훤', 'start_idx': 8, 'end_idx': 9, 'entity_type': 'PER'}",org:founded_by,김별희,"('후백제', '견훤')"
한반도_3,"이러한 시기에 견훤은 백제 유민들과 더불어 후백제를 세웠고, 궁예는 고구려 유민들과 더불어 후고구려를 세웠다.","{'text': '후고구려', 'start_idx': 51, 'end_idx': 54, 'entity_type': 'ORG'}","{'text': '궁예', 'start_idx': 34, 'end_idx': 35, 'entity_type': 'PER'}",org:founded_by,김별희,"('후고구려', '궁예')"
한반도_4,고려의 장수였던 이성계는 고려를 멸망시키고 정권을 잡아 조선을 건국하였다.,"{'text': '조선', 'start_idx': 31, 'end_idx': 32, 'entity_type': 'ORG'}","{'text': '이성계', 'start_idx': 9, 'end_idx': 11, 'entity_type': 'PER'}",org:founded_by,김별희,"('조선', '이성계')"
한반도_5,"한편 고구려의 멸망으로부터 약 30여년이 지났을 때, 고구려 출신 장수였던 대조영은 고구려 유민들, 말갈 세력과 함께 한반도 북부-만주-연해주 일대에 발해를 건국했다.","{'text': '대조영', 'start_idx': 42, 'end_idx': 44, 'entity_type': 'PER'}","{'text': '고구려', 'start_idx': 30, 'end_idx': 32, 'entity_type': 'ORG'}",per:employee_of,김별희,"('대조영', '고구려')"
한반도_6,"이후 후고구려의 장수였던 왕건이 다른 호족 세력들과 함께 궁예를 축출하였고, 고려를 건국하였다.","{'text': '왕건', 'start_idx': 14, 'end_idx': 15, 'entity_type': 'PER'}","{'text': '후고구려', 'start_idx': 3, 'end_idx': 6, 'entity_type': 'ORG'}",per:employee_of,김별희,"('왕건', '후고구려')"
한반도_7,고려의 장수였던 이성계는 고려를 멸망시키고 정권을 잡아 조선을 건국하였다.,"{'text': '이성계', 'start_idx': 9, 'end_idx': 11, 'entity_type': 'PER'}","{'text': '고려', 'start_idx': 0, 'end_idx': 1, 'entity_type': 'ORG'}",per:employee_of,김별희,"('이성계', '고려')"
한반도_8,"한편 고구려의 멸망으로부터 약 30여년이 지났을 때, 고구려 출신 장수였던 대조영은 고구려 유민들, 말갈 세력과 함께 한반도 북부-만주-연해주 일대에 발해를 건국했다.","{'text': '대조영', 'start_idx': 42, 'end_idx': 44, 'entity_type': 'PER'}","{'text': '장수', 'start_idx': 37, 'end_idx': 38, 'entity_type': 'POH'}",per:title,김별희,"('대조영', '장수')"
한반도_9,"이후 후고구려의 장수였던 왕건이 다른 호족 세력들과 함께 궁예를 축출하였고, 고려를 건국하였다.","{'text': '왕건', 'start_idx': 14, 'end_idx': 15, 'entity_type': 'PER'}","{'text': '장수', 'start_idx': 9, 'end_idx': 10, 'entity_type': 'POH'}",per:title,김별희,"('왕건', '장수')"
한반도_10,고려의 장수였던 이성계는 고려를 멸망시키고 정권을 잡아 조선을 건국하였다.,"{'text': '이성계', 'start_idx': 9, 'end_idx': 11, 'entity_type': 'PER'}","{'text': '장수', 'start_idx': 4, 'end_idx': 5, 'entity_type': 'POH'}",per:title,김별희,"('이성계', '장수')"
한반도_11,"고종은 국호를 대한제국, 연호를 광무(光武)로 새로 정하고 황제로 즉위하였다.","{'text': '고종', 'start_idx': 0, 'end_idx': 1, 'entity_type': 'PER'}","{'text': '황제', 'start_idx': 33, 'end_idx': 34, 'entity_type': 'POH'}",per:title,김별희,"('고종', '황제')"
한반도_12,"한반도(韓半島, , )는 정치지리학적으로 동아시아에 위치해 있으며, 지정학적으로 유라시아 대륙의 동부에 있는 반도이다.","{'text': '동아시아', 'start_idx': 23, 'end_idx': 26, 'entity_type': 'LOC'}","{'text': '한반도', 'start_idx': 0, 'end_idx': 2, 'entity_type': 'LOC'}",loc:subordinate,김별희,"('동아시아', '한반도')"
한반도_13,한반도에서 육지의 동ㅡ서 폭이 가장 좁은 구간은 평양에서 약간 북쪽의 평안남도~함경남도 구간이다.,"{'text': '한반도', 'start_idx': 0, 'end_idx': 2, 'entity_type': 'LOC'}","{'text': '평안남도', 'start_idx': 39, 'end_idx': 42, 'entity_type': 'LOC'}",loc:subordinate,김별희,"('한반도', '평안남도')"
한반도_14,한반도에서 육지의 동ㅡ서 폭이 가장 좁은 구간은 평양에서 약간 북쪽의 평안남도~함경남도 구간이다.,"{'text': '한반도', 'start_idx': 0, 'end_idx': 2, 'entity_type': 'LOC'}","{'text': '함경남도', 'start_idx': 44, 'end_idx': 47, 'entity_type': 'LOC'}",loc:subordinate,김별희,"('한반도', '함경남도')"
한반도_15,한국의 산맥 가운데 가장 기본이 되는 것은 태백산맥(太白山脈)과 낭림산맥(狼林山脈) 등 이른바 한국 방향의 산맥이다.,"{'text': '한국', 'start_idx': 0, 'end_idx': 1, 'entity_type': 'LOC'}","{'text': '태백산맥', 'start_idx': 24, 'end_idx': 27, 'entity_type': 'LOC'}",loc:subordinate,김별희,"('한국', '태백산맥')"
한반도_16,"그들 산맥에는 백두산(白頭山:2,744m)·관모봉(冠帽峰:2,540m)을 비롯한 고봉들이 솟아 있는데, 휴전선 이남에 있는 주요 산은 소백산맥에 속하는 지리산(智異山:1,915m), 태백산맥에 속하는 설악산(雪嶽山:1,708m)·태백산(太白山:1,567m) 등이다.","{'text': '소백산맥', 'start_idx': 75, 'end_idx': 78, 'entity_type': 'LOC'}","{'text': '지리산', 'start_idx': 85, 'end_idx': 87, 'entity_type': 'LOC'}",loc:subordinate,김별희,"('소백산맥', '지리산')"
한반도_17,"그들 산맥에는 백두산(白頭山:2,744m)·관모봉(冠帽峰:2,540m)을 비롯한 고봉들이 솟아 있는데, 휴전선 이남에 있는 주요 산은 소백산맥에 속하는 지리산(智異山:1,915m), 태백산맥에 속하는 설악산(雪嶽山:1,708m)·태백산(太白山:1,567m) 등이다.","{'text': '태백산맥', 'start_idx': 102, 'end_idx': 105, 'entity_type': 'LOC'}","{'text': '설악산', 'start_idx': 112, 'end_idx': 114, 'entity_type': 'LOC'}",loc:subordinate,김별희,"('태백산맥', '설악산')"
한반도_18,"제주의 한라산(漢拏山:1,950m)은 휴전선 이남에서 가장 높은 산이지만 그 성인이 육지부의 산과는 상이하다.","{'text': '제주', 'start_idx': 0, 'end_idx': 1, 'entity_type': 'LOC'}","{'text': '한라산', 'start_idx': 4, 'end_idx': 6, 'entity_type': 'LOC'}",loc:subordinate,김별희,"('제주', '한라산')"
한반도_19,"동해안은 두만강 하구에서 부산 송도에 이르는 직선거리 809km, 실제거리 1,727km의 해안으로 해안선은 비교적 단순하며, 산지가 해안에 가까이 있어서 넓은 평야는 없다.","{'text': '부산', 'start_idx': 14, 'end_idx': 15, 'entity_type': 'LOC'}","{'text': '송도', 'start_idx': 17, 'end_idx': 18, 'entity_type': 'LOC'}",loc:subordinate,김별희,"('부산', '송도')"
한반도_20,"남해안은 부산 송도에서 전남 해남에 이르는 해안으로, 해안선이 극도로 복잡한 전형적인 리아스식 해안을 이룬다.","{'text': '부산', 'start_idx': 5, 'end_idx': 6, 'entity_type': 'LOC'}","{'text': '송도', 'start_idx': 8, 'end_idx': 9, 'entity_type': 'LOC'}",loc:subordinate,김별희,"('부산', '송도')"
한반도_21,"남해안은 부산 송도에서 전남 해남에 이르는 해안으로, 해안선이 극도로 복잡한 전형적인 리아스식 해안을 이룬다.","{'text': '전남', 'start_idx': 13, 'end_idx': 14, 'entity_type': 'LOC'}","{'text': '해남', 'start_idx': 16, 'end_idx': 17, 'entity_type': 'LOC'}",loc:subordinate,김별희,"('전남', '해남')"
한반도_22,"서해안은 압록강 하구에서 전남 해남에 이르는 해안으로, 직선거리는 650km이나, 실제거리는 4,719km에 달한다.","{'text': '전남', 'start_idx': 14, 'end_idx': 15, 'entity_type': 'LOC'}","{'text': '해남', 'start_idx': 17, 'end_idx': 18, 'entity_type': 'LOC'}",loc:subordinate,김별희,"('전남', '해남')"
한반도_23,"지금까지 실시된 대규모 간척사업 중 대표적인 것은 전북 군산시(舊옥구군) 일대, 부안군 계화도(界火島) 일대, 전남 진도의 소포리(素浦里) 일대 등지에서 완공된 것들이다.","{'text': '전북', 'start_idx': 28, 'end_idx': 29, 'entity_type': 'LOC'}","{'text': '군산시', 'start_idx': 31, 'end_idx': 33, 'entity_type': 'LOC'}",loc:subordinate,김별희,"('전북', '군산시')"
한반도_24,"지금까지 실시된 대규모 간척사업 중 대표적인 것은 전북 군산시(舊옥구군) 일대, 부안군 계화도(界火島) 일대, 전남 진도의 소포리(素浦里) 일대 등지에서 완공된 것들이다.","{'text': '부안군', 'start_idx': 45, 'end_idx': 47, 'entity_type': 'LOC'}","{'text': '계화도', 'start_idx': 49, 'end_idx': 51, 'entity_type': 'LOC'}",loc:subordinate,김별희,"('부안군', '계화도')"
한반도_25,"지금까지 실시된 대규모 간척사업 중 대표적인 것은 전북 군산시(舊옥구군) 일대, 부안군 계화도(界火島) 일대, 전남 진도의 소포리(素浦里) 일대 등지에서 완공된 것들이다.","{'text': '전남', 'start_idx': 62, 'end_idx': 63, 'entity_type': 'LOC'}","{'text': '소포리', 'start_idx': 69, 'end_idx': 71, 'entity_type': 'LOC'}",loc:subordinate,김별희,"('전남', '소포리')"
한반도_26,"한국의 화산지형은 비교적 적게 분포하는 편이며, 그 중 대표적인 곳이 백두산 지역이다.","{'text': '한국', 'start_idx': 0, 'end_idx': 1, 'entity_type': 'LOC'}","{'text': '백두산', 'start_idx': 39, 'end_idx': 41, 'entity_type': 'LOC'}",loc:subordinate,김별희,"('한국', '백두산')"
한반도_27,"백두산 일대에는 백두산 외에도 대연지봉(大脂峰:2,358m)·소연지봉(小脂峰:2,115m)·간백산(間白山:2,162m)·소백산(小白山:2,172m)·북포태산(北胞胎山:2,288m)·두류산(頭流山:2,309m) 등의 화산들이 있다.","{'text': '백두산', 'start_idx': 0, 'end_idx': 2, 'entity_type': 'LOC'}","{'text': '소연지봉', 'start_idx': 34, 'end_idx': 37, 'entity_type': 'LOC'}",loc:subordinate,김별희,"('백두산', '소연지봉')"
한반도_28,"백두산 일대에는 백두산 외에도 대연지봉(大脂峰:2,358m)·소연지봉(小脂峰:2,115m)·간백산(間白山:2,162m)·소백산(小白山:2,172m)·북포태산(北胞胎山:2,288m)·두류산(頭流山:2,309m) 등의 화산들이 있다.","{'text': '백두산', 'start_idx': 0, 'end_idx': 2, 'entity_type': 'LOC'}","{'text': '소백산', 'start_idx': 67, 'end_idx': 69, 'entity_type': 'LOC'}",loc:subordinate,김별희,"('백두산', '소백산')"
한반도_29,"백두산 일대에는 백두산 외에도 대연지봉(大脂峰:2,358m)·소연지봉(小脂峰:2,115m)·간백산(間白山:2,162m)·소백산(小白山:2,172m)·북포태산(北胞胎山:2,288m)·두류산(頭流山:2,309m) 등의 화산들이 있다.","{'text': '백두산', 'start_idx': 0, 'end_idx': 2, 'entity_type': 'LOC'}","{'text': '간백산', 'start_idx': 51, 'end_idx': 53, 'entity_type': 'LOC'}",loc:subordinate,김별희,"('백두산', '간백산')"
한반도_30,"백두산 일대에는 백두산 외에도 대연지봉(大脂峰:2,358m)·소연지봉(小脂峰:2,115m)·간백산(間白山:2,162m)·소백산(小白山:2,172m)·북포태산(北胞胎山:2,288m)·두류산(頭流山:2,309m) 등의 화산들이 있다.","{'text': '백두산', 'start_idx': 0, 'end_idx': 2, 'entity_type': 'LOC'}","{'text': '북포태산', 'start_idx': 83, 'end_idx': 86, 'entity_type': 'LOC'}",loc:subordinate,김별희,"('백두산', '북포태산')"
한반도_31,"백두산 일대에는 백두산 외에도 대연지봉(大脂峰:2,358m)·소연지봉(小脂峰:2,115m)·간백산(間白山:2,162m)·소백산(小白山:2,172m)·북포태산(北胞胎山:2,288m)·두류산(頭流山:2,309m) 등의 화산들이 있다.","{'text': '백두산', 'start_idx': 0, 'end_idx': 2, 'entity_type': 'LOC'}","{'text': '두류산', 'start_idx': 101, 'end_idx': 103, 'entity_type': 'LOC'}",loc:subordinate,김별희,"('백두산', '두류산')"
한반도_32,"제주에는 또 김녕(金寧)의 사굴(蛇窟)과 만장굴(萬丈窟), 한림(翰林)의 협재굴(狹才窟)과 같은 용암동굴도 형성되어 있다.","{'text': '제주', 'start_idx': 0, 'end_idx': 1, 'entity_type': 'LOC'}","{'text': '사굴', 'start_idx': 15, 'end_idx': 16, 'entity_type': 'LOC'}",loc:subordinate,김별희,"('제주', '사굴')"
한반도_33,"제주에는 또 김녕(金寧)의 사굴(蛇窟)과 만장굴(萬丈窟), 한림(翰林)의 협재굴(狹才窟)과 같은 용암동굴도 형성되어 있다.","{'text': '제주', 'start_idx': 0, 'end_idx': 1, 'entity_type': 'LOC'}","{'text': '만장굴', 'start_idx': 23, 'end_idx': 25, 'entity_type': 'LOC'}",loc:subordinate,김별희,"('제주', '만장굴')"
한반도_34,"제주에는 또 김녕(金寧)의 사굴(蛇窟)과 만장굴(萬丈窟), 한림(翰林)의 협재굴(狹才窟)과 같은 용암동굴도 형성되어 있다.","{'text': '제주', 'start_idx': 0, 'end_idx': 1, 'entity_type': 'LOC'}","{'text': '협재굴', 'start_idx': 41, 'end_idx': 43, 'entity_type': 'LOC'}",loc:subordinate,김별희,"('제주', '협재굴')"
한반도_35,한반도 최고기온은 2018년 8월1일 강원도 홍천군에서 41.1도를 기록했다.,"{'text': '한반도', 'start_idx': 0, 'end_idx': 2, 'entity_type': 'LOC'}","{'text': '강원도', 'start_idx': 21, 'end_idx': 23, 'entity_type': 'LOC'}",loc:subordinate,김별희,"('한반도', '강원도')"
한반도_36,"관측기록 사상 남한만으로는 경기도 양평이 영하 32.6도로 남한 역대 최저기온을 기록했으며, 한반도 전체 역대 최저기온로는 양강도 삼지연군 백두산 일원으로 영하 51도를 기록하였다.","{'text': '경기도', 'start_idx': 15, 'end_idx': 17, 'entity_type': 'LOC'}","{'text': '양평', 'start_idx': 19, 'end_idx': 20, 'entity_type': 'LOC'}",loc:subordinate,김별희,"('경기도', '양평')"
한반도_37,"관측기록 사상 남한만으로는 경기도 양평이 영하 32.6도로 남한 역대 최저기온을 기록했으며, 한반도 전체 역대 최저기온로는 양강도 삼지연군 백두산 일원으로 영하 51도를 기록하였다.","{'text': '한반도', 'start_idx': 52, 'end_idx': 54, 'entity_type': 'LOC'}","{'text': '백두산', 'start_idx': 78, 'end_idx': 80, 'entity_type': 'LOC'}",loc:subordinate,김별희,"('한반도', '백두산')"
한반도_38,이후 삼국시대를 거쳐 936년 고려의 후삼국 통일을 시작으로 조선까지 약 1000년간 단일 국가로 통치되어 왔다.,"{'text': '후삼국 통일', 'start_idx': 21, 'end_idx': 26, 'entity_type': 'EVT'}","{'text': '936년', 'start_idx': 12, 'end_idx': 15, 'entity_type': 'DAT'}",event/artifact:date,김별희,"('후삼국 통일', '936년')"
한반도_39,"그러나 1945년에 미국과 소련의 분할점령에 따른 군정으로 인해 이념을 달리한 두 국가가 1948년 건국되었고 1950년 6월 25일, 6.25 전쟁이 발발하였다.","{'text': '6.25 전쟁', 'start_idx': 76, 'end_idx': 82, 'entity_type': 'EVT'}","{'text': '1950년 6월 25일', 'start_idx': 62, 'end_idx': 73, 'entity_type': 'DAT'}",event/artifact:date,김별희,"('6.25 전쟁', '1950년 6월 25일')"
한반도_40,"이후 신라는 백제 유민들, 고구려 유민들과 함께 당나라 세력을 물리쳐서 676년에 부분적인 신라의 삼국통일을 이루었다.","{'text': '삼국통일', 'start_idx': 55, 'end_idx': 58, 'entity_type': 'EVT'}","{'text': '676년', 'start_idx': 40, 'end_idx': 43, 'entity_type': 'DAT'}",event/artifact:date,김별희,"('삼국통일', '676년')"
한반도_41,1919년 3·1 운동을 계기로 대한민국 임시정부를 수립했다.,"{'text': '3·1 운동', 'start_idx': 6, 'end_idx': 11, 'entity_type': 'EVT'}","{'text': '1919년', 'start_idx': 0, 'end_idx': 4, 'entity_type': 'DAT'}",event/artifact:date,김별희,"('3·1 운동', '1919년')"
한반도_42,"1950년 6월 25일, 조선민주주의인민공화국이 대한민국에 기습적으로 침공하여 한국 전쟁이 일어났다.","{'text': '한국 전쟁', 'start_idx': 44, 'end_idx': 48, 'entity_type': 'EVT'}","{'text': '1950년 6월 25일', 'start_idx': 0, 'end_idx': 11, 'entity_type': 'DAT'}",event/artifact:date,김별희,"('한국 전쟁', '1950년 6월 25일')"
한반도_43,"전쟁은 약 3년 동안 진행되었고, 결국 1953년 7월 27일 휴전 협정으로 인하여 휴전선 이남은 대한민국, 휴전선 이북은 조선민주주의인민공화국이 통치하게 되어 오늘날까지 휴전 및 분단 상태가 이어지고 있다.","{'text': '휴전 협정', 'start_idx': 35, 'end_idx': 39, 'entity_type': 'EVT'}","{'text': '1953년 7월 27일', 'start_idx': 22, 'end_idx': 33, 'entity_type': 'DAT'}",event/artifact:date,김별희,"('휴전 협정', '1953년 7월 27일')"
한반도_44,"기원전 2세기에 이르러서는 만주에 위치했던 부여와 더불어 옥저, 동예, 삼한이 출현하게 되었는데 이 시기를 원삼국 시대라고 한다.","{'text': '부여', 'start_idx': 24, 'end_idx': 25, 'entity_type': 'ORG'}","{'text': '옥저', 'start_idx': 32, 'end_idx': 33, 'entity_type': 'ORG'}",no_relation,김별희,"('부여', '옥저')"
한반도_45,"기원전 2세기에 이르러서는 만주에 위치했던 부여와 더불어 옥저, 동예, 삼한이 출현하게 되었는데 이 시기를 원삼국 시대라고 한다.","{'text': '부여', 'start_idx': 24, 'end_idx': 25, 'entity_type': 'ORG'}","{'text': '동예', 'start_idx': 36, 'end_idx': 37, 'entity_type': 'ORG'}",no_relation,김별희,"('부여', '동예')"
한반도_46,"기원전 2세기에 이르러서는 만주에 위치했던 부여와 더불어 옥저, 동예, 삼한이 출현하게 되었는데 이 시기를 원삼국 시대라고 한다.","{'text': '부여', 'start_idx': 24, 'end_idx': 25, 'entity_type': 'ORG'}","{'text': '삼한', 'start_idx': 40, 'end_idx': 41, 'entity_type': 'ORG'}",no_relation,김별희,"('부여', '삼한')"
한반도_47,한반도 중남부 지역에서는 변한이 가야가 되어 연맹체제를 이루었는데 후에 대부분의 지역이 신라에 병합되었다.,"{'text': '변한', 'start_idx': 14, 'end_idx': 15, 'entity_type': 'ORG'}","{'text': '신라', 'start_idx': 49, 'end_idx': 50, 'entity_type': 'ORG'}",no_relation,김별희,"('변한', '신라')"
한반도_48,"그러다 신라가 당나라와 나당군사동맹을 맺고, 백제와 고구려를 공격해 멸망시켰다.","{'text': '신라', 'start_idx': 4, 'end_idx': 5, 'entity_type': 'ORG'}","{'text': '백제', 'start_idx': 25, 'end_idx': 26, 'entity_type': 'ORG'}",no_relation,김별희,"('신라', '백제')"
한반도_49,"발해는 지배층의 분열과 거란의 급속한 성장과 함께 멸망했고, 신라는 지배층의 타락과 각 지역의 반란으로 인해 점차 수도를 제외한 지역의 통치력이 약화되었다.","{'text': '신라', 'start_idx': 34, 'end_idx': 35, 'entity_type': 'ORG'}","{'text': '거란', 'start_idx': 13, 'end_idx': 14, 'entity_type': 'ORG'}",no_relation,김별희,"('신라', '거란')"
한반도_50,"한반도의 대부분을 차지하여 다스렸던 고려는 요나라, 금나라와 대립하기도 하였다.","{'text': '고려', 'start_idx': 20, 'end_idx': 21, 'entity_type': 'ORG'}","{'text': '금나라', 'start_idx': 29, 'end_idx': 31, 'entity_type': 'ORG'}",no_relation,김별희,"('고려', '금나라')"
한반도_51,"그러나 독립된 한반도는 1945년 8월 15일, 얄타회담에서 이루어진 비공식적 합의에 따라 소련과 미국의 신탁 통치하에 들어갔다.","{'text': '미국', 'start_idx': 55, 'end_idx': 56, 'entity_type': 'ORG'}","{'text': '소련', 'start_idx': 51, 'end_idx': 52, 'entity_type': 'ORG'}",no_relation,김별희,"('미국', '소련')"
한반도_52,"그러나 후에 공민왕은 지속적인 반원(反元) 운동을 실시하였고, 원나라의 지배력이 약해진 틈을 타 원나라의 간섭에서 벗어날 수 있었다.","{'text': '원나라', 'start_idx': 35, 'end_idx': 37, 'entity_type': 'ORG'}","{'text': '공민왕', 'start_idx': 7, 'end_idx': 9, 'entity_type': 'PER'}",no_relation,김별희,"('원나라', '공민왕')"
한반도_53,후에 세종 때에는 한반도 북부의 여진족들을 물리치고 4군 6진을 개척하였다.,"{'text': '세종', 'start_idx': 3, 'end_idx': 4, 'entity_type': 'PER'}","{'text': '여진족', 'start_idx': 18, 'end_idx': 20, 'entity_type': 'ORG'}",no_relation,김별희,"('세종', '여진족')"
한반도_54,"한편 고구려의 멸망으로부터 약 30여년이 지났을 때, 고구려 출신 장수였던 대조영은 고구려 유민들, 말갈 세력과 함께 한반도 북부-만주-연해주 일대에 발해를 건국했다.","{'text': '연해주', 'start_idx': 76, 'end_idx': 78, 'entity_type': 'LOC'}","{'text': '한반도 북부', 'start_idx': 66, 'end_idx': 71, 'entity_type': 'LOC'}",no_relation,김별희,"('연해주', '한반도 북부')"
한반도_55,"한반도는 중화인민공화국 둥베이와 러시아를 향해 약 1,000km 정도 뻗어 있다.","{'text': '한반도', 'start_idx': 0, 'end_idx': 2, 'entity_type': 'LOC'}","{'text': '러시아', 'start_idx': 18, 'end_idx': 20, 'entity_type': 'LOC'}",no_relation,김별희,"('한반도', '러시아')"
한반도_56,"북쪽으로는 요동반도와 평행한 방향으로 뻗은 평남 분지, 두만 분지, 관모봉 분지, 단천 습곡대, 낭림 분지가 펼쳐지며, 남쪽으로는 옥천대(沃川帶)를 사이에 두고 경기 육괴, 영남 육괴와 경상 분지로 이루어진다.","{'text': '관모봉 분지', 'start_idx': 38, 'end_idx': 43, 'entity_type': 'LOC'}","{'text': '평남 분지', 'start_idx': 24, 'end_idx': 28, 'entity_type': 'LOC'}",no_relation,김별희,"('관모봉 분지', '평남 분지')"
한반도_57,"독도, 울릉도, 제주도는 모두 화산 활동을 통하여 생긴 섬들이다.","{'text': '독도', 'start_idx': 0, 'end_idx': 1, 'entity_type': 'LOC'}","{'text': '제주도', 'start_idx': 9, 'end_idx': 11, 'entity_type': 'LOC'}",no_relation,김별희,"('독도', '제주도')"
한반도_58,개마고원 말고도 철원에서는 현무암질 마그마가 분출하여 용암대지를 이루고 있다.,"{'text': '철원', 'start_idx': 9, 'end_idx': 10, 'entity_type': 'LOC'}","{'text': '개마고원', 'start_idx': 0, 'end_idx': 3, 'entity_type': 'LOC'}",no_relation,김별희,"('철원', '개마고원')"
한반도_59,"제주도(濟州島)를 비롯하여 거제도(巨濟島)·강화도(江華島)·진도(珍島)·남해도(南海島) 외, 주요 도서는 대부분 휴전선 이남의 서해안과 남해안에 분포한다.","{'text': '제주도', 'start_idx': 0, 'end_idx': 2, 'entity_type': 'LOC'}","{'text': '거제도', 'start_idx': 15, 'end_idx': 17, 'entity_type': 'LOC'}",no_relation,김별희,"('제주도', '거제도')"
한반도_60,해안에서 멀리 떨어진 해상에 화산도인 울릉도와 독도가 있다.,"{'text': '독도', 'start_idx': 26, 'end_idx': 27, 'entity_type': 'LOC'}","{'text': '울릉도', 'start_idx': 21, 'end_idx': 23, 'entity_type': 'LOC'}",no_relation,김별희,"('독도', '울릉도')"
한반도_61,석회암의 용식지형인 카르스트 지형은 석회암지대가 분포하는 강원과 충북 일대에 발달하였다.,"{'text': '충북', 'start_idx': 36, 'end_idx': 37, 'entity_type': 'LOC'}","{'text': '강원', 'start_idx': 32, 'end_idx': 33, 'entity_type': 'LOC'}",no_relation,김별희,"('충북', '강원')"
한반도_62,이러한 한반도의 극성 한파의 원인은 러시아 우수리고원의 매우 차갑고 메마른 극한건성대기가 시베리아 기단을 타고 내려오는데 원인이 있다.,"{'text': '한반도', 'start_idx': 4, 'end_idx': 6, 'entity_type': 'LOC'}","{'text': '우수리고원', 'start_idx': 24, 'end_idx': 28, 'entity_type': 'LOC'}",no_relation,김별희,"('한반도', '우수리고원')"
한반도_63,예로부터 한반도는 지리적으로 볼 때 대륙(중국)과 (러시아)을 잇는 가교 역할을 담당해왔다.,"{'text': '한반도', 'start_idx': 5, 'end_idx': 7, 'entity_type': 'LOC'}","{'text': '중국', 'start_idx': 23, 'end_idx': 24, 'entity_type': 'LOC'}",no_relation,김별희,"('한반도', '중국')"
헌법_0,"원래 헌법이라는 단어는 주나라의 좌구명(左丘明)이 쓴 《국어》(國語)에 나온 “선한 자는 상을 주고, 간악한 자는 벌을 주는 것이 나라의 헌법이다.” 라는 문장에서 처음 등장하였다.","{'text': '좌구명', 'start_idx': 18, 'end_idx': 20, 'entity_type': 'PER'}","{'text': '주나라', 'start_idx': 13, 'end_idx': 15, 'entity_type': 'ORG'}",per:employee_of,김별희,"('좌구명', '주나라')"
헌법_1,"호즈미 노부시게의 《법창야화》(法窓夜話)에 따르면, 이후 근대에 들어오면서 프랑스어 “Constitution”에 해당하는 개념을 대체하기 위하여 일본의 근대 사상가 미쓰쿠리 린쇼()가 “헌법”(憲法)을 사용하면서 오늘날과 같은 의미로 굳어졌다고 한다.","{'text': '미쓰쿠리 린쇼', 'start_idx': 92, 'end_idx': 98, 'entity_type': 'PER'}","{'text': '근대 사상가', 'start_idx': 85, 'end_idx': 90, 'entity_type': 'POH'}",per:title,김별희,"('미쓰쿠리 린쇼', '근대 사상가')"
헌법_2,"호즈미 노부시게의 《법창야화》(法窓夜話)에 따르면, 이후 근대에 들어오면서 프랑스어 “Constitution”에 해당하는 개념을 대체하기 위하여 일본의 근대 사상가 미쓰쿠리 린쇼()가 “헌법”(憲法)을 사용하면서 오늘날과 같은 의미로 굳어졌다고 한다.","{'text': '미쓰쿠리 린쇼', 'start_idx': 92, 'end_idx': 98, 'entity_type': 'PER'}","{'text': '일본', 'start_idx': 81, 'end_idx': 82, 'entity_type': 'LOC'}",per:origin,김별희,"('미쓰쿠리 린쇼', '일본')"
헌법_3,"1899년의 대한국 국제나 대한민국 임시 정부의 임시 헌장, 그리고 제헌 헌법부터 유신 헌법에 이르기까지 대통령 취임 선서에서 “나는 국헌을 준수하고…”라고 표현되었다.","{'text': '대한국 국제', 'start_idx': 7, 'end_idx': 12, 'entity_type': 'POH'}","{'text': '1899년', 'start_idx': 0, 'end_idx': 4, 'entity_type': 'DAT'}",event/artifact:date,김별희,"('대한국 국제', '1899년')"
헌법_4,"대부분의 헌법은 정국의 안정과 헌법의 기본법으로서의 권위 유지를 위해 경성 헌법의 형태를 취하지만, 불문 헌법 국가인 영국이나 1948년에 제정된 뉴질랜드의 헌법 등은 연성 헌법의 형태를 취하고 있다.","{'text': '뉴질랜드의 헌법', 'start_idx': 82, 'end_idx': 89, 'entity_type': 'POH'}","{'text': '1948년', 'start_idx': 71, 'end_idx': 75, 'entity_type': 'DAT'}",event/artifact:date,김별희,"('뉴질랜드의 헌법', '1948년')"
헌법_5,제정 주체가 군주인 헌법을 흠정 헌법(欽定憲法)이라고 한다. 1889년에 제정된 일본제국 헌법이 대표적인 흠정 헌법이다.,"{'text': '일본제국 헌법', 'start_idx': 45, 'end_idx': 51, 'entity_type': 'POH'}","{'text': '1889년', 'start_idx': 34, 'end_idx': 38, 'entity_type': 'DAT'}",event/artifact:date,김별희,"('일본제국 헌법', '1889년')"
헌법_6,"국약 헌법으로는 1871년의 독일 제국 헌법, 1787년의 아메리카 합중국 헌법, 1992년의 독립 국가 연합(CIS)의 헌법 등이 있으며, 또한 연방 국가의 연방 헌법이 이에 속한다.","{'text': '독일 제국 헌법', 'start_idx': 16, 'end_idx': 23, 'entity_type': 'POH'}","{'text': '1871년', 'start_idx': 9, 'end_idx': 13, 'entity_type': 'DAT'}",event/artifact:date,김별희,"('독일 제국 헌법', '1871년')"
헌법_7,"국약 헌법으로는 1871년의 독일 제국 헌법, 1787년의 아메리카 합중국 헌법, 1992년의 독립 국가 연합(CIS)의 헌법 등이 있으며, 또한 연방 국가의 연방 헌법이 이에 속한다.","{'text': '아메리카 합중국 헌법', 'start_idx': 33, 'end_idx': 43, 'entity_type': 'POH'}","{'text': '1787년', 'start_idx': 26, 'end_idx': 30, 'entity_type': 'DAT'}",event/artifact:date,김별희,"('아메리카 합중국 헌법', '1787년')"
헌법_8,"국약 헌법으로는 1871년의 독일 제국 헌법, 1787년의 아메리카 합중국 헌법, 1992년의 독립 국가 연합(CIS)의 헌법 등이 있으며, 또한 연방 국가의 연방 헌법이 이에 속한다.","{'text': '독립 국가 연합(CIS)의 헌법', 'start_idx': 53, 'end_idx': 69, 'entity_type': 'POH'}","{'text': '1992년', 'start_idx': 46, 'end_idx': 50, 'entity_type': 'DAT'}",event/artifact:date,김별희,"('독립 국가 연합(CIS)의 헌법', '1992년')"
헌법_9,법실증주의를 취하고 있는 라반트나 켈젠과 같은 학자는 헌법 개정의 한계를 부인한다.,"{'text': '켈젠', 'start_idx': 19, 'end_idx': 20, 'entity_type': 'PER'}","{'text': '라반트', 'start_idx': 14, 'end_idx': 16, 'entity_type': 'PER'}",no_relation,김별희,"('켈젠', '라반트')"
헌법_10,"그의 제자 해벌레는 헌법 변천의 개념을 배척하면서, 헤세와 마찬가지로 헌법 개정에 중점을 두었다.","{'text': '헤세', 'start_idx': 29, 'end_idx': 30, 'entity_type': 'PER'}","{'text': '해벌레', 'start_idx': 6, 'end_idx': 8, 'entity_type': 'PER'}",no_relation,김별희,"('헤세', '해벌레')"
헌법_11,예를 들어 미국 헌법은 미국 독립 혁명()이 발생하고 25년 만에 작성되어 비준(ratified)되었다.,"{'text': '미국 독립 혁명', 'start_idx': 13, 'end_idx': 20, 'entity_type': 'POH'}","{'text': '25년', 'start_idx': 30, 'end_idx': 32, 'entity_type': 'DAT'}",no_relation,김별희,"('미국 독립 혁명', '25년')"
박근혜2_0,"부일장학회를 국가에 헌납하는 과정부터가 비판의 대상으로, 이와 관련하여 박근혜는 부일장학회의 헌납 과정에 문제가 없었다고 주장했으나, 부일장학회의 설립자 김지태의 장남 김영구가 '아버지가 수갑을 찬 상태로 운영권 포기각서에 서명하고 도장을 찍는 모습'을 옆에서 목격했다며 이는 헌납이 아닌 강탈이고, 정수장학회는 정치적 장물이라고 주장했다.","{'text': '부일장학회', 'start_idx': 75, 'end_idx': 79, 'entity_type': 'ORG'}","{'text': '김지태', 'start_idx': 86, 'end_idx': 88, 'entity_type': 'PER'}",org:founded_by,김별희,"('부일장학회', '김지태')"
박근혜2_1,"2010년 12월, 새해 예산안이 국회의장의 직권상정으로 통과되어 여야간의 갈등이 극화된 상황에서 박근혜가 복지 정책을 강조하며 나타나자 민주당 박지원 원내대표는 ""박 전 대표는 날치기로 그 많은 복지 예산이 완전히 삭감될 때 아무말도 하지 않았다""고 지적하며 ""유리할때만 고개를 든다""며 박근혜의 행보에 비판을 제기했다.","{'text': '박지원', 'start_idx': 81, 'end_idx': 83, 'entity_type': 'PER'}","{'text': '민주당', 'start_idx': 77, 'end_idx': 79, 'entity_type': 'ORG'}",per:employee_of,김별희,"('박지원', '민주당')"
박근혜2_2,"서울대학교 법학전문대학원 조국 교수는 ""박근혜 이 사람이 무슨 얘기를 하는지 사람들이 잘 모르는데도 지지하는 사람은 삼십몇 %나 된다""라며 ""내용도 모르고 좋아하는 것은 감성의 정치일 것""이라고 비판하였다.","{'text': '조국', 'start_idx': 14, 'end_idx': 15, 'entity_type': 'PER'}","{'text': '서울대학교 법학전문대학원', 'start_idx': 0, 'end_idx': 12, 'entity_type': 'ORG'}",per:employee_of,김별희,"('조국', '서울대학교 법학전문대학원')"
박근혜2_3,"한편, 새누리당의 이상일 대변인은 방문이 무산된 데 대해, ""박 후보를 잘 이해하지 못하는 이들이 아무리 방해를 하고 장막을 친다 해도 국민을 통합하겠다는 박 후보의 행보를 막지 못할 것""이라며 ""국민을 분열시켜 계층간, 세대간, 지역간 갈등을 조장하는 세력을 반드시 물리치고 국민대통합의 '100% 대한민국'을 건설할 것""이라고 말했다.","{'text': '이상일', 'start_idx': 10, 'end_idx': 12, 'entity_type': 'PER'}","{'text': '새누리당', 'start_idx': 4, 'end_idx': 7, 'entity_type': 'ORG'}",per:employee_of,김별희,"('이상일', '새누리당')"
박근혜2_4,"박근혜는 2012년 6월 1일 비례대표 부정 경선과 '종북' 논란에 휩싸인 통합진보당 이석기·김재연 의원에 대해 ""국가관을 의심받고 또 국민도 불안하게 느끼는 이런 사람들이 국회의원이 돼서는 안된다고 생각한다""고 말하였다.","{'text': '이석기', 'start_idx': 48, 'end_idx': 50, 'entity_type': 'PER'}","{'text': '통합진보당', 'start_idx': 42, 'end_idx': 46, 'entity_type': 'ORG'}",per:employee_of,김별희,"('이석기', '통합진보당')"
박근혜2_5,법학교수 출신인 새누리당의 이상돈 전 비상대책위원장도 박근혜의 발언이 잘못이라고 지적했다.,"{'text': '이상돈', 'start_idx': 15, 'end_idx': 17, 'entity_type': 'PER'}","{'text': '새누리당', 'start_idx': 9, 'end_idx': 12, 'entity_type': 'ORG'}",per:employee_of,김별희,"('이상돈', '새누리당')"
박근혜2_6,"이는 새누리당 유승민 의원을 겨냥해서 한 말로, 특정인의 낙선을 유도하는 발언이기 때문에 공직선거법에 위배된다는 조국 교수와 문재인 새정치민주연합 대표의 비판이 있었다.","{'text': '유승민', 'start_idx': 8, 'end_idx': 10, 'entity_type': 'PER'}","{'text': '새누리당', 'start_idx': 3, 'end_idx': 6, 'entity_type': 'ORG'}",per:employee_of,김별희,"('유승민', '새누리당')"
박근혜2_7,"이는 새누리당 유승민 의원을 겨냥해서 한 말로, 특정인의 낙선을 유도하는 발언이기 때문에 공직선거법에 위배된다는 조국 교수와 문재인 새정치민주연합 대표의 비판이 있었다.","{'text': '문재인', 'start_idx': 70, 'end_idx': 72, 'entity_type': 'PER'}","{'text': '새정치민주연합', 'start_idx': 74, 'end_idx': 80, 'entity_type': 'ORG'}",per:employee_of,김별희,"('문재인', '새정치민주연합')"
박근혜2_8,"같은 당 은수미 의원도, 최저임금이 얼마인지도 모르는 박근혜 후보의 방문에 우려를 금할 수 없다","{'text': '박근혜', 'start_idx': 30, 'end_idx': 32, 'entity_type': 'PER'}","{'text': '은수미', 'start_idx': 5, 'end_idx': 7, 'entity_type': 'PER'}",per:colleagues,김별희,"('박근혜', '은수미')"
박근혜2_9,"2010년 12월, 새해 예산안이 국회의장의 직권상정으로 통과되어 여야간의 갈등이 극화된 상황에서 박근혜가 복지 정책을 강조하며 나타나자 민주당 박지원 원내대표는 ""박 전 대표는 날치기로 그 많은 복지 예산이 완전히 삭감될 때 아무말도 하지 않았다""고 지적하며 ""유리할때만 고개를 든다""며 박근혜의 행보에 비판을 제기했다.","{'text': '박지원', 'start_idx': 81, 'end_idx': 83, 'entity_type': 'PER'}","{'text': '원내대표', 'start_idx': 85, 'end_idx': 88, 'entity_type': 'POH'}",per:title,김별희,"('박지원', '원내대표')"
박근혜2_10,참고로 박근혜는 지난 18대 대한민국 국회 환경노동위원회 위원이었다.,"{'text': '박근혜', 'start_idx': 4, 'end_idx': 6, 'entity_type': 'PER'}","{'text': '18대 대한민국 국회 환경노동위원회 위원', 'start_idx': 12, 'end_idx': 33, 'entity_type': 'POH'}",per:title,김별희,"('박근혜', '18대 대한민국 국회 환경노동위원회 위원')"
박근혜2_11,"전태일의 여동생이자 민주통합당 국회의원인 전순옥은 진정으로 전태일 정신을 생각한다면 쌍용차나 용산참사 희생자 등 고통 당하는 사람들을 먼저 찾았어야 한다고 말하고, 이른바 국민대통합에 대해서도, 정책적으로 접근을 하거나 현안이 일어나는 현장을 먼저 찾아가 문제를 어떻게 해결할 것인가를 이야기하며 희망을 줘야 한다고 말했다.","{'text': '전순옥', 'start_idx': 23, 'end_idx': 25, 'entity_type': 'PER'}","{'text': '민주통합당 국회의원', 'start_idx': 11, 'end_idx': 20, 'entity_type': 'POH'}",per:title,김별희,"('전순옥', '민주통합당 국회의원')"
박근혜2_12,진중권 교수 역시 박근혜의 방문 시도에 대하여 진정으로 소통과 화해를 하겠다면 지금 눈앞에서 고통 받고 있는 노동자들을 찾아가야 한다고 주장하였다.,"{'text': '진중권', 'start_idx': 0, 'end_idx': 2, 'entity_type': 'PER'}","{'text': '교수', 'start_idx': 4, 'end_idx': 5, 'entity_type': 'POH'}",per:title,김별희,"('진중권', '교수')"
박근혜2_13,법학교수 출신인 새누리당의 이상돈 전 비상대책위원장도 박근혜의 발언이 잘못이라고 지적했다.,"{'text': '이상돈', 'start_idx': 15, 'end_idx': 17, 'entity_type': 'PER'}","{'text': '비상대책위원장', 'start_idx': 21, 'end_idx': 27, 'entity_type': 'POH'}",per:title,김별희,"('이상돈', '비상대책위원장')"
박근혜2_14,"겉으로는 공익으로 포장했지만 실제로는 이를 사유화하고 있다는 비판도 있는데, 실제 박근혜는 1995년부터 2005년까지 정수장학회 이사장직을 맡기도 했다.","{'text': '박근혜', 'start_idx': 46, 'end_idx': 48, 'entity_type': 'PER'}","{'text': '정수장학회 이사장', 'start_idx': 67, 'end_idx': 75, 'entity_type': 'POH'}",per:title,김별희,"('박근혜', '정수장학회 이사장')"
박근혜2_15,"또한 육영재단이 소유한 영남학원의 정관에는 '교주 박정희'라고 명시되어 있는 것으로 알려져, 공법인이라는 박근혜의 변명과 배치되는 것으로 드러났다.","{'text': '박정희', 'start_idx': 28, 'end_idx': 30, 'entity_type': 'PER'}","{'text': '교주', 'start_idx': 25, 'end_idx': 26, 'entity_type': 'POH'}",per:title,김별희,"('박정희', '교주')"
박근혜2_16,"1989년 무렵부터 최태민과 박근혜의 내연관계 설이 시중에 돌았고, 이는 그대로 그해 10월 청와대 민정수석실의 보고서를 통해 노태우 대통령에게 보고되었으며, 2016년 11월 시중에 알려졌다.","{'text': '노태우', 'start_idx': 71, 'end_idx': 73, 'entity_type': 'PER'}","{'text': '대통령', 'start_idx': 75, 'end_idx': 77, 'entity_type': 'POH'}",per:title,김별희,"('노태우', '대통령')"
박근혜2_17,한때 최태민을 만났던 전기영 목사는 최태민에게 박근혜와의 관계에 대해 “물은 적이 있다.,"{'text': '전기영', 'start_idx': 12, 'end_idx': 14, 'entity_type': 'PER'}","{'text': '목사', 'start_idx': 16, 'end_idx': 17, 'entity_type': 'POH'}",per:title,김별희,"('전기영', '목사')"
박근혜2_18,"박 전 대표는 영남대 의혹에 관한 질문에 ""대구대와 청구대가 합치는 과정에서 학교를 맡은 이건희 삼성그룹 회장의 책임""이라고 답했다.","{'text': '이건희', 'start_idx': 50, 'end_idx': 52, 'entity_type': 'PER'}","{'text': '삼성그룹 회장', 'start_idx': 54, 'end_idx': 60, 'entity_type': 'POH'}",per:title,김별희,"('이건희', '삼성그룹 회장')"
박근혜2_19,"그러나 박근혜를 칠푼이라 비하했던 김영삼 전 대통령은 이 상황을 빗대 ""박근혜, 대통령 되기엔 결격 사유 있다""며 혹평 하였으며, 박근혜가 언급한 것과 반대의 여론조사들이 나오기 시작했고 박근혜의 지지율은 다소 하락하면서 박근혜는 ""5·16은 정상적인 게 아니다""며 다소 입장을 바꾸는 듯한 모습을 보이기도 했다.","{'text': '김영삼', 'start_idx': 19, 'end_idx': 21, 'entity_type': 'PER'}","{'text': '전 대통령', 'start_idx': 23, 'end_idx': 27, 'entity_type': 'POH'}",per:title,김별희,"('김영삼', '전 대통령')"
박근혜2_20,"이는 새누리당 유승민 의원을 겨냥해서 한 말로, 특정인의 낙선을 유도하는 발언이기 때문에 공직선거법에 위배된다는 조국 교수와 문재인 새정치민주연합 대표의 비판이 있었다.","{'text': '조국', 'start_idx': 63, 'end_idx': 64, 'entity_type': 'PER'}","{'text': '교수', 'start_idx': 66, 'end_idx': 67, 'entity_type': 'POH'}",per:title,김별희,"('조국', '교수')"
박근혜2_21,"겉으로는 공익으로 포장했지만 실제로는 이를 사유화하고 있다는 비판도 있는데, 실제 박근혜는 1995년부터 2005년까지 정수장학회 이사장직을 맡기도 했다.","{'text': '박근혜', 'start_idx': 46, 'end_idx': 48, 'entity_type': 'PER'}","{'text': '1995년부터 2005년', 'start_idx': 51, 'end_idx': 63, 'entity_type': 'DAT'}",per:inauguration/removal_date,김별희,"('박근혜', '1995년부터 2005년')"
박근혜2_22,"박근혜는 2012년 6월 1일 비례대표 부정 경선과 '종북' 논란에 휩싸인 통합진보당 이석기·김재연 의원에 대해 ""국가관을 의심받고 또 국민도 불안하게 느끼는 이런 사람들이 국회의원이 돼서는 안된다고 생각한다""고 말하였다.","{'text': '비례대표 부정 경선', 'start_idx': 17, 'end_idx': 26, 'entity_type': 'EVT'}","{'text': '2012년 6월 1일', 'start_idx': 5, 'end_idx': 15, 'entity_type': 'DAT'}",event/artifact:date,김별희,"('비례대표 부정 경선', '2012년 6월 1일')"
박근혜2_23,"박근혜는 2012년 7월 16일 한국신문방송편집인협회 초청 토론회에서 5·16 군사 정변에 대하여 ""돌아가신 아버지로서는 불가피하게 최선의 선택을 한 게 아닌가라고 생각한다""는 발언을 하였다.","{'text': '한국신문방송편집인협회 초청 토론회', 'start_idx': 18, 'end_idx': 35, 'entity_type': 'EVT'}","{'text': '2012년 7월 16일', 'start_idx': 5, 'end_idx': 16, 'entity_type': 'DAT'}",event/artifact:date,김별희,"('한국신문방송편집인협회 초청 토론회', '2012년 7월 16일')"
박근혜2_24,"2012년 9월 12일 인혁당 사건 유족들은 새누리당 앞에서 기자 회견을 열고 ""이미 박 후보는 2005년에 국정원이 인혁당 사건이 조작되었다는 조사결과를 발표할때도 '한 마디로 가치가 없는 것이며, 모함'이라고 발언한 바 있다""며 ""사람이 억울하게 8명이나 사형당한 사건을 가치가 없고 모함이라고 말하는 박 후보는 최소한 인간에 대한 예의조차 있는가.","{'text': '인혁당 사건', 'start_idx': 13, 'end_idx': 18, 'entity_type': 'EVT'}","{'text': '2012년 9월 12일', 'start_idx': 0, 'end_idx': 11, 'entity_type': 'DAT'}",event/artifact:date,김별희,"('인혁당 사건', '2012년 9월 12일')"
박근혜2_25,"이후의 행적 역시 비판의 대상으로, 부일장학회의 재산을 국고에 귀속시켜야 했음에도 이를 이용하여 정수장학회, 육영재단을 설립하여 재산을 은닉한 것 아니냐는 비판을 받고 있다.","{'text': '육영재단', 'start_idx': 61, 'end_idx': 64, 'entity_type': 'ORG'}","{'text': '정수장학회', 'start_idx': 54, 'end_idx': 58, 'entity_type': 'ORG'}",no_relation,김별희,"('육영재단', '정수장학회')"
박근혜2_26,이와 관련하여 김영삼은 정수장학회와 육영재단을 '부정축재의 수단'이라고 비판하기도 했다.,"{'text': '정수장학회', 'start_idx': 13, 'end_idx': 17, 'entity_type': 'ORG'}","{'text': '김영삼', 'start_idx': 8, 'end_idx': 10, 'entity_type': 'PER'}",no_relation,김별희,"('정수장학회', '김영삼')"
박근혜2_27,"이에 박근혜는 과거사 정리위원회의 권고를 무시한 채, ""공익법인화한 정수장학회를 다시 사회환원하라는 것은 정치 공세""라고 반박하였다. 하지만 이런 발언에 대해 '그렇다면 그들 주장대로 공익법인인 육영재단을 두고, 박근혜의 형제들끼리 싸우는 이유가 무엇이냐'며 박근혜의 인식과 그 가족의 행태에 대한 비판도 끊이지 않고 있다.","{'text': '과거사 정리위원회', 'start_idx': 8, 'end_idx': 16, 'entity_type': 'ORG'}","{'text': '박근혜', 'start_idx': 3, 'end_idx': 5, 'entity_type': 'PER'}",no_relation,김별희,"('과거사 정리위원회', '박근혜')"
박근혜2_28,"또한 육영재단이 소유한 영남학원의 정관에는 '교주 박정희'라고 명시되어 있는 것으로 알려져, 공법인이라는 박근혜의 변명과 배치되는 것으로 드러났다.","{'text': '육영재단', 'start_idx': 3, 'end_idx': 6, 'entity_type': 'ORG'}","{'text': '박근혜', 'start_idx': 59, 'end_idx': 61, 'entity_type': 'PER'}",no_relation,김별희,"('육영재단', '박근혜')"
박근혜2_29,"민주당 쌍용자동차대책 특별위원회 역시, 새누리당사 앞에서 박근혜 후보가 나설 것을 요구하며 노숙농성을 벌이고 있는 해고 노동자들을 먼저 만날 것을 촉구했다.","{'text': '박근혜', 'start_idx': 32, 'end_idx': 34, 'entity_type': 'PER'}","{'text': '민주당 쌍용자동차대책 특별위원회', 'start_idx': 0, 'end_idx': 16, 'entity_type': 'ORG'}",no_relation,김별희,"('박근혜', '민주당 쌍용자동차대책 특별위원회')"
박근혜2_30,광주광역시의 시민단체와 법조계는 박근혜 후보의 발언이 사법부를 부정하는 것이라고 비판하였다.,"{'text': '박근혜', 'start_idx': 18, 'end_idx': 20, 'entity_type': 'PER'}","{'text': '광주광역시의 시민단체', 'start_idx': 0, 'end_idx': 10, 'entity_type': 'ORG'}",no_relation,김별희,"('박근혜', '광주광역시의 시민단체')"
박근혜2_31,박근혜의 부친 박정희가 부일장학회를 강탈하여 정수장학회를 세운 것이 아니냐는 비판이 끊임없이 제기되어 왔다.,"{'text': '박근혜', 'start_idx': 0, 'end_idx': 2, 'entity_type': 'PER'}","{'text': '부일장학회', 'start_idx': 13, 'end_idx': 17, 'entity_type': 'ORG'}",no_relation,김별희,"('박근혜', '부일장학회')"
박근혜2_32,전태일의 남동생 전태삼도 박근혜는 22명의 쌍용차 사망 노동자들의 분향소부터 방문하였어야 한다면서 새누리당사 앞에서 20일 넘게 대책을 요구하는 쌍용차 해고 노조원들의 요구엔 묵묵부답이면서 전태일 재단을 방문하는 것은 앞뒤가 맞지 않는다고 비판하였다.,"{'text': '전태삼', 'start_idx': 9, 'end_idx': 11, 'entity_type': 'PER'}","{'text': '전태일', 'start_idx': 0, 'end_idx': 2, 'entity_type': 'PER'}",no_relation,김별희,"('전태삼', '전태일')"
박근혜2_33,전태일의 남동생 전태삼도 박근혜는 22명의 쌍용차 사망 노동자들의 분향소부터 방문하였어야 한다면서 새누리당사 앞에서 20일 넘게 대책을 요구하는 쌍용차 해고 노조원들의 요구엔 묵묵부답이면서 전태일 재단을 방문하는 것은 앞뒤가 맞지 않는다고 비판하였다.,"{'text': '전태삼', 'start_idx': 9, 'end_idx': 11, 'entity_type': 'PER'}","{'text': '박근혜', 'start_idx': 14, 'end_idx': 16, 'entity_type': 'PER'}",no_relation,김별희,"('전태삼', '박근혜')"
박근혜2_34,"1989년 무렵부터 최태민과 박근혜의 내연관계 설이 시중에 돌았고, 이는 그대로 그해 10월 청와대 민정수석실의 보고서를 통해 노태우 대통령에게 보고되었으며, 2016년 11월 시중에 알려졌다.","{'text': '박근혜', 'start_idx': 16, 'end_idx': 18, 'entity_type': 'PER'}","{'text': '최태민', 'start_idx': 11, 'end_idx': 13, 'entity_type': 'PER'}",no_relation,김별희,"('박근혜', '최태민')"
박근혜2_35,"박후보의 동생인 근령씨는 육영재단 운영을 놓고 대립한 문제가, 지만씨는 미국 유학과정에서 영남대 공금 전용 문제는 오래도록 도마에 올랐다.","{'text': '지만', 'start_idx': 35, 'end_idx': 36, 'entity_type': 'PER'}","{'text': '근령', 'start_idx': 9, 'end_idx': 10, 'entity_type': 'PER'}",no_relation,김별희,"('지만', '근령')"
박근혜2_36,1989년 10월 당시 대한민국 청와대 민정수석실은 최태민의 동향을 파악해 노태우 대통령에게 보고한 최태민 관련 보고서를 제출했다.,"{'text': '최태민', 'start_idx': 29, 'end_idx': 31, 'entity_type': 'PER'}","{'text': '대통령', 'start_idx': 46, 'end_idx': 48, 'entity_type': 'POH'}",no_relation,김별희,"('최태민', '대통령')"
박근혜2_37,"최태민은 다른 목사에게 '박근혜와 나는 영의 세계 부부이지, 육신의 부부는 아니다'라고 말하기도 했다 한다.","{'text': '최태민', 'start_idx': 0, 'end_idx': 2, 'entity_type': 'PER'}","{'text': '목사', 'start_idx': 8, 'end_idx': 9, 'entity_type': 'POH'}",no_relation,김별희,"('최태민', '목사')"
박근혜2_38,"박근혜는 2012년 9월 10일 MBC 라디오 《손석희의 시선집중》과의 인터뷰에서 인민혁명당 사건에 대해 ""대법원 판결이 두 가지로 나오지 않았느냐""면서 그 부분에 대해서도 또 앞으로의 역사적 판단에 맡겨야 된다는 입장을 밝혔다.","{'text': '인민혁명당 사건', 'start_idx': 46, 'end_idx': 53, 'entity_type': 'EVT'}","{'text': '2012년 9월 10일', 'start_idx': 5, 'end_idx': 16, 'entity_type': 'DAT'}",no_relation,김별희,"('인민혁명당 사건', '2012년 9월 10일')"
박근혜2_39,"2012년 9월 12일 인혁당 사건 유족들은 새누리당 앞에서 기자 회견을 열고 ""이미 박 후보는 2005년에 국정원이 인혁당 사건이 조작되었다는 조사결과를 발표할때도 '한 마디로 가치가 없는 것이며, 모함'이라고 발언한 바 있다""며 ""사람이 억울하게 8명이나 사형당한 사건을 가치가 없고 모함이라고 말하는 박 후보는 최소한 인간에 대한 예의조차 있는가.","{'text': '인혁당 사건', 'start_idx': 66, 'end_idx': 71, 'entity_type': 'EVT'}","{'text': '2005년', 'start_idx': 54, 'end_idx': 58, 'entity_type': 'DAT'}",no_relation,김별희,"('인혁당 사건', '2005년')"
박근혜2_40,"박근혜 후보의 인혁당 사건에 대한 발언에 대해 각계 각층으로부터 비판이 잇따르자, 2012년 9월 24일, 박근혜 후보는 5.16과 유신, 인혁당 사건 등의 과거사에 대해 사과하였다.","{'text': '인혁당 사건', 'start_idx': 8, 'end_idx': 13, 'entity_type': 'EVT'}","{'text': '2012년 9월 24일', 'start_idx': 46, 'end_idx': 57, 'entity_type': 'DAT'}",no_relation,김별희,"('인혁당 사건', '2012년 9월 24일')"
박근혜2_41,"박근혜 후보의 인혁당 사건에 대한 발언에 대해 각계 각층으로부터 비판이 잇따르자, 2012년 9월 24일, 박근혜 후보는 5.16과 유신, 인혁당 사건 등의 과거사에 대해 사과하였다.","{'text': '인혁당 사건', 'start_idx': 78, 'end_idx': 83, 'entity_type': 'EVT'}","{'text': '2012년 9월 24일', 'start_idx': 46, 'end_idx': 57, 'entity_type': 'DAT'}",no_relation,김별희,"('인혁당 사건', '2012년 9월 24일')"
탄핵_0,근대적인 정부에서 이뤄진 탄핵은 1376년 영국의 제4대 라티머 남작인 윌리엄 라티머를 영국 의회가 탄핵한 것을 그 시초로 본다.,"{'text': '윌리엄 라티머', 'start_idx': 40, 'end_idx': 46, 'entity_type': 'PER'}","{'text': '남작', 'start_idx': 36, 'end_idx': 37, 'entity_type': 'POH'}",per:title,김별희,"('윌리엄 라티머', '남작')"
탄핵_1,"본래 헌법재판소에서 탄핵여부를 결정할 때 소수의견을 공개하지 않기로 하는 법률과 판례가 있었으나, 2004년 제16대 대통령 노무현에 대한 탄핵 심판 이후로 법률을 개정하여 모두 공개토록 하였다.","{'text': '노무현', 'start_idx': 70, 'end_idx': 72, 'entity_type': 'PER'}","{'text': '2004년', 'start_idx': 55, 'end_idx': 59, 'entity_type': 'DAT'}",no_relation,김별희,"('노무현', '2004년')"
대한민국3_0,2017년 전임 대통령의 파면으로 조기에 치러진 제19대 대선에서는 더불어민주당의 문재인 후보가 대통령으로 당선되며 진보진영으로의 정권교체가 이뤄졌다.,"{'text': '문재인', 'start_idx': 46, 'end_idx': 48, 'entity_type': 'PER'}","{'text': '더불어민주당', 'start_idx': 38, 'end_idx': 43, 'entity_type': 'ORG'}",per:employee_of,김별희,"('문재인', '더불어민주당')"
대한민국3_1,2017년 전임 대통령의 파면으로 조기에 치러진 제19대 대선에서는 더불어민주당의 문재인 후보가 대통령으로 당선되며 진보진영으로의 정권교체가 이뤄졌다.,"{'text': '문재인', 'start_idx': 46, 'end_idx': 48, 'entity_type': 'PER'}","{'text': '대통령', 'start_idx': 54, 'end_idx': 56, 'entity_type': 'POH'}",per:title,김별희,"('문재인', '대통령')"
대한민국3_2,그러나 이러한 관계는 1905년 을사조약 뒤부터 뒤틀어졌는데 당시 미국 제26대 대통령 시어도어 루스벨트의 딸인 엘리스 루스벨트가 미국을 대표하여 대한제국에 방문했을 때 고종의 환대에도 없는 사람 취급하였고 고종의 아내였던 명성황후 무덤 앞의 말 조각상에서 앉아 사진을 찍는 무례함을 범했기 때문이다.,"{'text': '시어도어 루스벨트', 'start_idx': 49, 'end_idx': 57, 'entity_type': 'PER'}","{'text': '미국 제26대 대통령', 'start_idx': 37, 'end_idx': 47, 'entity_type': 'POH'}",per:title,김별희,"('시어도어 루스벨트', '미국 제26대 대통령')"
대한민국3_3,2013년 6월 대한민국의 대통령 박근혜가 중화인민공화국 베이징 시를 방문하여 중화인민공화국의 국가주석 시진핑과 정상회담을 가졌다.,"{'text': '박근혜', 'start_idx': 19, 'end_idx': 21, 'entity_type': 'PER'}","{'text': '대한민국의 대통령', 'start_idx': 9, 'end_idx': 17, 'entity_type': 'POH'}",per:title,김별희,"('박근혜', '대한민국의 대통령')"
대한민국3_4,2013년 6월 대한민국의 대통령 박근혜가 중화인민공화국 베이징 시를 방문하여 중화인민공화국의 국가주석 시진핑과 정상회담을 가졌다.,"{'text': '시진핑', 'start_idx': 58, 'end_idx': 60, 'entity_type': 'PER'}","{'text': '중화인민공화국의 국가주석', 'start_idx': 44, 'end_idx': 56, 'entity_type': 'POH'}",per:title,김별희,"('시진핑', '중화인민공화국의 국가주석')"
대한민국3_5,"대한민국 해병대는 1949년 4월 15일 경상남도 진해시에서 초대 지휘관에 신현준 중령이 임명되고, 해군 장교 26명, 부사관 54명, 병 300명으로 창설되었다.","{'text': '신현준', 'start_idx': 42, 'end_idx': 44, 'entity_type': 'PER'}","{'text': '1949년 4월 15일', 'start_idx': 10, 'end_idx': 21, 'entity_type': 'DAT'}",per:inauguration/removal_date,김별희,"('신현준', '1949년 4월 15일')"
대한민국3_6,"대한민국의 영토인 독도, 이어도 등에 대하여 이웃한 일본, 중화인민공화국이 각각 영유권을 주장하고 있다.","{'text': '대한민국', 'start_idx': 0, 'end_idx': 3, 'entity_type': 'LOC'}","{'text': '독도', 'start_idx': 10, 'end_idx': 11, 'entity_type': 'LOC'}",loc:subordinate,김별희,"('대한민국', '독도')"
대한민국3_7,"대한민국의 영토인 독도, 이어도 등에 대하여 이웃한 일본, 중화인민공화국이 각각 영유권을 주장하고 있다.","{'text': '대한민국', 'start_idx': 0, 'end_idx': 3, 'entity_type': 'LOC'}","{'text': '이어도', 'start_idx': 14, 'end_idx': 16, 'entity_type': 'LOC'}",loc:subordinate,김별희,"('대한민국', '이어도')"
대한민국3_8,"대한민국 해병대는 1949년 4월 15일 경상남도 진해시에서 초대 지휘관에 신현준 중령이 임명되고, 해군 장교 26명, 부사관 54명, 병 300명으로 창설되었다.","{'text': '경상남도', 'start_idx': 23, 'end_idx': 26, 'entity_type': 'LOC'}","{'text': '진해시', 'start_idx': 28, 'end_idx': 30, 'entity_type': 'LOC'}",loc:subordinate,김별희,"('경상남도', '진해시')"
대한민국3_9,1948년 5월 10일 남한에서만 총선거가 실시되어 제헌 국회가 구성되었고 제헌 국회에 의해 7월 17일 대한민국 제헌 헌법이 제정되었다.,"{'text': '대한민국 제헌 헌법', 'start_idx': 59, 'end_idx': 68, 'entity_type': 'POH'}","{'text': '7월 17일', 'start_idx': 52, 'end_idx': 57, 'entity_type': 'DAT'}",event/artifact:date,김별희,"('대한민국 제헌 헌법', '7월 17일')"
대한민국3_10,대한민국 헌법 제1호로서 대한민국 제헌 헌법은 대한민국 제헌 국회에 의해 1948년 7월 17일 공포되었다.,"{'text': '대한민국 제헌 헌법', 'start_idx': 14, 'end_idx': 23, 'entity_type': 'POH'}","{'text': '1948년 7월 17일', 'start_idx': 41, 'end_idx': 52, 'entity_type': 'DAT'}",event/artifact:date,김별희,"('대한민국 제헌 헌법', '1948년 7월 17일')"
대한민국3_11,"한편 국제법 상의 관례와 통설, 대한민국의 헌법재판소는 ""조선민주주의인민공화국이 UN에 가입하였다 하여, 가맹국들 상호 간에도 당연히 그 국가성이 승인되는 것은 아니고 또 그러한 의무가 있는 것이 아니다.""라고 판시하여 대한민국은 조선민주주의인민공화국의 국가성을 원칙적으로 부정하고 있으나 대한민국 정부가 수립될 때 한반도가 분단되어 있어 국가 성립 3요소인 국민, 영토, 주권이 인정되는 지역은 '한반도 남반부와 부속도서'이었다는 점과 이후 1972년 7·4 남북 공동 성명, 1991년 남북 기본 합의서, 2000년 6·15 남북 공동선언 등에 의하여 상호 공존을 약속하고 대한민국과 조선민주주의인민공화국이 별개의 독립된 주권국가로 인정되는 일부 국제법규와 대한민국 헌법의 시각이 대치되어 문제점이 존재한다.","{'text': '남북 기본 합의서', 'start_idx': 274, 'end_idx': 282, 'entity_type': 'POH'}","{'text': '1991년', 'start_idx': 268, 'end_idx': 272, 'entity_type': 'DAT'}",event/artifact:date,김별희,"('남북 기본 합의서', '1991년')"
대한민국3_12,2007년 한미자유무역협정이 체결되었고 문서 공개 이후 한동안 상당한 논란에 휩싸였다.,"{'text': '한미자유무역협정', 'start_idx': 6, 'end_idx': 13, 'entity_type': 'POH'}","{'text': '2007년', 'start_idx': 0, 'end_idx': 4, 'entity_type': 'DAT'}",event/artifact:date,김별희,"('한미자유무역협정', '2007년')"
대한민국3_13,2018년 평창 동계올림픽의 성공적 개최와 맞물려 전개된 남북관계 화해 국면에 따라 판문점 회담과 평양 회담을 여는 동시에 북미회담을 통한 비핵화 협상 주선에 힘썼다.,"{'text': '평창 동계올림픽', 'start_idx': 6, 'end_idx': 13, 'entity_type': 'EVT'}","{'text': '2018년', 'start_idx': 0, 'end_idx': 4, 'entity_type': 'DAT'}",event/artifact:date,김별희,"('평창 동계올림픽', '2018년')"
대한민국3_14,"또 2017년 더불어민주당원 댓글 조작 사건과 2018년 여권 인사의 미투 운동 연루, 2019년 조국 법무부장관 임명 논란 등 정부와 여당의 도덕성 논란이 부정적 평가에 일조함과 동시에, 2018년 남북 단일팀 추진과 대북 석탄 밀수 사건, 2020년 남북공동연락사무소 폭파로 인한 남북관계 경색 등에 있어서도 반발 여론이 끊이지 않았다.","{'text': '더불어민주당원 댓글 조작 사건', 'start_idx': 8, 'end_idx': 23, 'entity_type': 'EVT'}","{'text': '2017년', 'start_idx': 2, 'end_idx': 6, 'entity_type': 'DAT'}",event/artifact:date,김별희,"('더불어민주당원 댓글 조작 사건', '2017년')"
대한민국3_15,"또 2017년 더불어민주당원 댓글 조작 사건과 2018년 여권 인사의 미투 운동 연루, 2019년 조국 법무부장관 임명 논란 등 정부와 여당의 도덕성 논란이 부정적 평가에 일조함과 동시에, 2018년 남북 단일팀 추진과 대북 석탄 밀수 사건, 2020년 남북공동연락사무소 폭파로 인한 남북관계 경색 등에 있어서도 반발 여론이 끊이지 않았다.","{'text': '조국 법무부장관 임명 논란', 'start_idx': 55, 'end_idx': 68, 'entity_type': 'EVT'}","{'text': '2019년', 'start_idx': 49, 'end_idx': 53, 'entity_type': 'DAT'}",event/artifact:date,김별희,"('조국 법무부장관 임명 논란', '2019년')"
대한민국3_16,"또 2017년 더불어민주당원 댓글 조작 사건과 2018년 여권 인사의 미투 운동 연루, 2019년 조국 법무부장관 임명 논란 등 정부와 여당의 도덕성 논란이 부정적 평가에 일조함과 동시에, 2018년 남북 단일팀 추진과 대북 석탄 밀수 사건, 2020년 남북공동연락사무소 폭파로 인한 남북관계 경색 등에 있어서도 반발 여론이 끊이지 않았다.","{'text': '대북 석탄 밀수 사건', 'start_idx': 123, 'end_idx': 133, 'entity_type': 'EVT'}","{'text': '2018년', 'start_idx': 106, 'end_idx': 110, 'entity_type': 'DAT'}",event/artifact:date,김별희,"('대북 석탄 밀수 사건', '2018년')"
대한민국3_17,"한편 국제법 상의 관례와 통설, 대한민국의 헌법재판소는 ""조선민주주의인민공화국이 UN에 가입하였다 하여, 가맹국들 상호 간에도 당연히 그 국가성이 승인되는 것은 아니고 또 그러한 의무가 있는 것이 아니다.""라고 판시하여 대한민국은 조선민주주의인민공화국의 국가성을 원칙적으로 부정하고 있으나 대한민국 정부가 수립될 때 한반도가 분단되어 있어 국가 성립 3요소인 국민, 영토, 주권이 인정되는 지역은 '한반도 남반부와 부속도서'이었다는 점과 이후 1972년 7·4 남북 공동 성명, 1991년 남북 기본 합의서, 2000년 6·15 남북 공동선언 등에 의하여 상호 공존을 약속하고 대한민국과 조선민주주의인민공화국이 별개의 독립된 주권국가로 인정되는 일부 국제법규와 대한민국 헌법의 시각이 대치되어 문제점이 존재한다.","{'text': '7·4 남북 공동 성명', 'start_idx': 254, 'end_idx': 265, 'entity_type': 'EVT'}","{'text': '1972년', 'start_idx': 248, 'end_idx': 252, 'entity_type': 'DAT'}",event/artifact:date,김별희,"('7·4 남북 공동 성명', '1972년')"
대한민국3_18,"한편 국제법 상의 관례와 통설, 대한민국의 헌법재판소는 ""조선민주주의인민공화국이 UN에 가입하였다 하여, 가맹국들 상호 간에도 당연히 그 국가성이 승인되는 것은 아니고 또 그러한 의무가 있는 것이 아니다.""라고 판시하여 대한민국은 조선민주주의인민공화국의 국가성을 원칙적으로 부정하고 있으나 대한민국 정부가 수립될 때 한반도가 분단되어 있어 국가 성립 3요소인 국민, 영토, 주권이 인정되는 지역은 '한반도 남반부와 부속도서'이었다는 점과 이후 1972년 7·4 남북 공동 성명, 1991년 남북 기본 합의서, 2000년 6·15 남북 공동선언 등에 의하여 상호 공존을 약속하고 대한민국과 조선민주주의인민공화국이 별개의 독립된 주권국가로 인정되는 일부 국제법규와 대한민국 헌법의 시각이 대치되어 문제점이 존재한다.","{'text': '6·15 남북 공동선언', 'start_idx': 291, 'end_idx': 302, 'entity_type': 'EVT'}","{'text': '2000년', 'start_idx': 285, 'end_idx': 289, 'entity_type': 'DAT'}",event/artifact:date,김별희,"('6·15 남북 공동선언', '2000년')"
대한민국3_19,대한민국과 미국의 관계는 19세기 중반인 1871년 조선의 통상을 요구하던 제너럴셔먼호 사건으로 거슬러 올라간다.,"{'text': '제너럴셔먼호 사건', 'start_idx': 42, 'end_idx': 50, 'entity_type': 'EVT'}","{'text': '1871년', 'start_idx': 23, 'end_idx': 27, 'entity_type': 'DAT'}",event/artifact:date,김별희,"('제너럴셔먼호 사건', '1871년')"
대한민국3_20,그러나 이러한 관계는 1905년 을사조약 뒤부터 뒤틀어졌는데 당시 미국 제26대 대통령 시어도어 루스벨트의 딸인 엘리스 루스벨트가 미국을 대표하여 대한제국에 방문했을 때 고종의 환대에도 없는 사람 취급하였고 고종의 아내였던 명성황후 무덤 앞의 말 조각상에서 앉아 사진을 찍는 무례함을 범했기 때문이다.,"{'text': '을사조약', 'start_idx': 18, 'end_idx': 21, 'entity_type': 'EVT'}","{'text': '1905년', 'start_idx': 12, 'end_idx': 16, 'entity_type': 'DAT'}",event/artifact:date,김별희,"('을사조약', '1905년')"
대한민국3_21,2002년에는 양국이 공동 주관하여 한일 월드컵을 개최하기도 하였다.,"{'text': '한일 월드컵', 'start_idx': 20, 'end_idx': 25, 'entity_type': 'EVT'}","{'text': '2002년', 'start_idx': 0, 'end_idx': 4, 'entity_type': 'DAT'}",event/artifact:date,김별희,"('한일 월드컵', '2002년')"
대한민국3_22,"1950년에 발발한 한국 전쟁에서 대한민국의 국군과 유엔군은 계속 북진하여 평양을 넘어 압록강까지 도달했지만, 중국인민지원군이 조선민주주의인민공화국을 지원하여 한국의 영토를 무단으로 침입하였다.","{'text': '한국 전쟁', 'start_idx': 11, 'end_idx': 15, 'entity_type': 'EVT'}","{'text': '1950년', 'start_idx': 0, 'end_idx': 4, 'entity_type': 'DAT'}",event/artifact:date,김별희,"('한국 전쟁', '1950년')"
대한민국3_23,"그러나 성장 촉진 정책으로 누적된 병폐는 1997년 외환위기로 IMF 구제금융사건을 겪으면서 한계를 노출하게 했고 새로 출범한 김대중 정부는 정보통신산업을 새로운 성장 동력으로 하고 세계적인 닷컴 버블 경제세 편승하여 2년 만에 상당부분 회복하고 경제위기를 해결했음을 선언했지만 비정규직이라는 새로운 고용 환경을 낳은 고용 유연화에 따른 노동 불안정과 대량 해고, 청년 실직자 문제, 니트족 현상 등의 부작용이 함께 나타났다.","{'text': 'IMF 구제금융사건', 'start_idx': 35, 'end_idx': 44, 'entity_type': 'EVT'}","{'text': '1997년', 'start_idx': 23, 'end_idx': 27, 'entity_type': 'DAT'}",event/artifact:date,김별희,"('IMF 구제금융사건', '1997년')"
대한민국3_24,"김대중과 노무현 정부는 햇볕 정책, 곧 대북유화책을 시도했으나 차후 북한의 핵무기와 미사일 개발 등 대남 도발 행위로 인해 중단되었다.","{'text': '김대중', 'start_idx': 0, 'end_idx': 2, 'entity_type': 'PER'}","{'text': '노무현', 'start_idx': 5, 'end_idx': 7, 'entity_type': 'PER'}",no_relation,김별희,"('김대중', '노무현')"
대한민국3_25,"이명박과 박근혜 정부는 연평도 도발, 천안함 폭침, 목함 지뢰 사건 등이 발생함과 동시에 대북 강경정책을 실시했고, 이에 따라 남북 관계가 상대적으로 경색되었다.","{'text': '박근혜', 'start_idx': 5, 'end_idx': 7, 'entity_type': 'PER'}","{'text': '이명박', 'start_idx': 0, 'end_idx': 2, 'entity_type': 'PER'}",no_relation,김별희,"('박근혜', '이명박')"
대한민국3_26,그러나 이러한 관계는 1905년 을사조약 뒤부터 뒤틀어졌는데 당시 미국 제26대 대통령 시어도어 루스벨트의 딸인 엘리스 루스벨트가 미국을 대표하여 대한제국에 방문했을 때 고종의 환대에도 없는 사람 취급하였고 고종의 아내였던 명성황후 무덤 앞의 말 조각상에서 앉아 사진을 찍는 무례함을 범했기 때문이다.,"{'text': '명성황후', 'start_idx': 125, 'end_idx': 128, 'entity_type': 'PER'}","{'text': '엘리스 루스벨트', 'start_idx': 63, 'end_idx': 70, 'entity_type': 'PER'}",no_relation,김별희,"('명성황후', '엘리스 루스벨트')"
대한민국3_27,일본의 고이즈미 준이치로 내각과 아베 신조 내각 당시에는 한일 셔틀외교가 중단되는 등 양국 관계가 멀어졌으나 아시아 외교를 중시하는 일본 후쿠다 야스오·하토야마 유키오 내각의 출범과 한일 관계를 보다 중시하는 대한민국의 이명박 정부가 출범한 이후 관계가 개선과 악화를 반복하다가 일본 민주당 하토야마 유키오 총리가 취임하면서 한일 관계가 강화되었다.,"{'text': '고이즈미 준이치로', 'start_idx': 4, 'end_idx': 12, 'entity_type': 'PER'}","{'text': '아베 신조', 'start_idx': 18, 'end_idx': 22, 'entity_type': 'PER'}",no_relation,김별희,"('고이즈미 준이치로', '아베 신조')"
대한민국3_28,일본의 고이즈미 준이치로 내각과 아베 신조 내각 당시에는 한일 셔틀외교가 중단되는 등 양국 관계가 멀어졌으나 아시아 외교를 중시하는 일본 후쿠다 야스오·하토야마 유키오 내각의 출범과 한일 관계를 보다 중시하는 대한민국의 이명박 정부가 출범한 이후 관계가 개선과 악화를 반복하다가 일본 민주당 하토야마 유키오 총리가 취임하면서 한일 관계가 강화되었다.,"{'text': '하토야마 유키오 총리', 'start_idx': 163, 'end_idx': 173, 'entity_type': 'PER'}","{'text': '후쿠다 야스오·하토야마 유키오', 'start_idx': 77, 'end_idx': 92, 'entity_type': 'PER'}",no_relation,김별희,"('하토야마 유키오 총리', '후쿠다 야스오·하토야마 유키오')"
대한민국3_29,대한민국은 1948년 12월 유엔 총회 결의 제195호를 통해 유엔으로부터 한국 대다수 주민이 살고 있으며 유엔이 감시 가능한 지역(38선 이남 지역)에서 주민의 자유로운 의사에 따라 탄생한 한국 유일한 정부로서 합법 정부로 승인받았다.,"{'text': '유엔 총회 결의 제195호', 'start_idx': 16, 'end_idx': 29, 'entity_type': 'POH'}","{'text': '1948년 12월', 'start_idx': 6, 'end_idx': 14, 'entity_type': 'DAT'}",no_relation,김별희,"('유엔 총회 결의 제195호', '1948년 12월')"
대한민국3_30,그 뒤 운요호 사건을 계기로 조선은 쇄국정책을 풀고 세계열강과 통상조약을 맺게 되자 미국은 1882년에 조선과 통상조약을 맺어 공식적으로 외교관계를 가지게 된다.,"{'text': '운요호 사건', 'start_idx': 4, 'end_idx': 9, 'entity_type': 'EVT'}","{'text': '1882년', 'start_idx': 51, 'end_idx': 55, 'entity_type': 'DAT'}",no_relation,김별희,"('운요호 사건', '1882년')"
중임_0,중임(仲壬)은 상나라의 4대 군주이다.,"{'text': '중임', 'start_idx': 0, 'end_idx': 1, 'entity_type': 'PER'}","{'text': '상나라', 'start_idx': 8, 'end_idx': 10, 'entity_type': 'ORG'}",per:employee_of,김별희,"('중임', '상나라')"
중임_1,중임(仲壬)은 상나라의 4대 군주이다.,"{'text': '중임', 'start_idx': 0, 'end_idx': 1, 'entity_type': 'PER'}","{'text': '군주', 'start_idx': 16, 'end_idx': 17, 'entity_type': 'POH'}",per:title,김별희,"('중임', '군주')"
중임_2,"정축(丁丑)년에 왕위에 올랐고 이윤을 재상으로, 박(亳)을 수도로 삼았다.","{'text': '이윤', 'start_idx': 17, 'end_idx': 18, 'entity_type': 'PER'}","{'text': '재상', 'start_idx': 21, 'end_idx': 22, 'entity_type': 'POH'}",per:title,김별희,"('이윤', '재상')"
중임_3,사마천의 사기에 따르면 아버지 탕과 형인 외병의 뒤를 이어 상나라의 3대 군주가 되었다.,"{'text': '사마천', 'start_idx': 0, 'end_idx': 2, 'entity_type': 'PER'}","{'text': '상나라', 'start_idx': 33, 'end_idx': 35, 'entity_type': 'ORG'}",no_relation,김별희,"('사마천', '상나라')"
